keyword,topic,score,tx_volume,us_volume,cpc,competition,bcc_best_pos_gsc,gsc_impr,gsc_clicks,tracked_bucket,sources,competitors_ranking,variants
zepbound,glp-1 drug info,26641.5,74000,823000,24.13,HIGH,3.0,42,2,,gsc,,
arfid,night eating / arfid / other ED,8027.5,14800,201000,4.04,LOW,,,,,competitor:eatingrecoverycenter.com,eatingrecoverycenter #3,
arfids,night eating / arfid / other ED,8027.5,14800,201000,4.04,LOW,,,,,competitor:eatingrecoverycenter.com,eatingrecoverycenter #22,
bed disease,binge eating,5503.7,3600,40500,7.74,LOW,,,,,competitor:eatingrecoverycenter.com,eatingrecoverycenter #19,
eating disorder with binge eating,binge eating,5503.7,3600,40500,7.74,LOW,,,,,competitor:eatingrecoverycenter.com,eatingrecoverycenter #14,
bingeing,binge eating,4160.6,4400,40500,2.88,LOW,,,,,competitor:eatingrecoverycenter.com,eatingrecoverycenter #5,
overeaters anonymous,food addiction / overeating,2993.8,3600,49500,1.93,LOW,,,,,seed,,
mounjaro vs zepbound,glp-1 drug info,2022.3,1600,22200,11.65,MEDIUM,10.0,50,,,gsc,,
tirzepatide vs semaglutide,glp-1 drug info,1944.6,5400,49500,14.56,HIGH,2.0,16,,,gsc,,
gastroparesis,blog: gastroparesis,1766.4,22200,301000,1.63,LOW,1.8,16,,,gsc,,
dietitian and weight loss,nutrition / dietitian,1712.2,1900,22200,11.55,LOW,51.5,25,,,gsc,,
binge eater,binge eating,1689.6,1000,12100,9.08,LOW,,,,,competitor:eatingrecoverycenter.com,eatingrecoverycenter #4,
eating binges,binge eating,1689.6,1000,12100,9.08,LOW,,,,,competitor:eatingrecoverycenter.com,eatingrecoverycenter #6,
orthorexia,night eating / arfid / other ED,1515.4,4400,60500,0.74,LOW,,,,,competitor:eatingrecoverycenter.com,eatingrecoverycenter #6,
is zepbound the same as mounjaro,glp-1 drug info,1273.6,720,8100,9.72,MEDIUM,25.7,10,,,gsc,,
nutritionist vs dietician,nutrition / dietitian,1119.9,720,8100,7.89,LOW,16.4,40,,,gsc,,
how to avoid binge eating,binge eating,929.7,720,9900,5.76,MEDIUM,,,,,competitor:eatingrecoverycenter.com,eatingrecoverycenter #7,
weight loss therapy,weight loss therapy,881.8,390,1000,20.38,LOW,6.0,299,,weight-loss,tracked|gsc|competitor:bariatriccounselingcenter.com|seed|competitor:findabariatrictherapist.com,bariatriccounselingcenter #21; findabariatrictherapist #13,weight loss therapist | therapists for weight loss
arfid meaning,night eating / arfid / other ED,875.5,2400,33100,1.08,LOW,,,,,competitor:eatingrecoverycenter.com,eatingrecoverycenter #24,
binge eating disorder treatment,binge eating,864.0,480,8100,37.54,MEDIUM,,,,eating-disorders,tracked|seed|competitor:eatingrecoverycenter.com,eatingrecoverycenter #9,binge eating disorder and treatment
bmi of texas,other weight / eating,844.7,1900,1900,2.41,LOW,,,,,competitor:sagebariatric.com,sagebariatric #51,
does drinking water help you lose weight,blog: hydration,820.6,1300,14800,2.86,LOW,19.5,51,,,gsc|competitor:bariatriccounselingcenter.com,bariatriccounselingcenter #33,can drinking water help you lose weight
san antonio weight loss clinic,weight loss clinic (local),793.7,880,880,11.26,HIGH,49.0,19,,,gsc|competitor:sagebariatric.com|competitor:bariatriccounselingcenter.com,sagebariatric #10; bariatriccounselingcenter #35,weight loss center san antonio | san antonio weight loss center | weight loss clinic san antonio | san antonio weight loss clinics | weight loss clinic san antonio tx | weight loss clinics in san antonio | weight loss clinics san antonio tx | weight loss clinics san antonio texas | weight loss clinics in san antonio tx
binged meaning,binge eating,780.0,1300,12100,0.0,LOW,,,,,competitor:eatingrecoverycenter.com,eatingrecoverycenter #4,
treatments of eating disorder,night eating / arfid / other ED,648.0,720,9900,37.35,MEDIUM,,,,,competitor:eatingrecoverycenter.com,eatingrecoverycenter #9,eating disorders and treatments
texas weight loss san antonio,weight loss clinic (local),637.2,590,590,10.72,LOW,,,,,competitor:sagebariatric.com,sagebariatric #29,
stomach paralysis,blog: gastroparesis,637.1,1600,14800,1.62,LOW,12.4,41,,,gsc,bariatriccounselingcenter #9,paralyzed stomach | paralysed stomach
holistic approach to weight loss,other weight / eating,627.5,480,5400,7.85,MEDIUM,16.5,83,,,gsc|competitor:bariatriccounselingcenter.com,bariatriccounselingcenter #42,holistic weight loss approach | weight loss holistic approach
define binge,binge eating,576.0,320,2900,29.4,LOW,,,,,competitor:eatingrecoverycenter.com,eatingrecoverycenter #2,define bingeing | binged definition
weight loss doctor,other weight / eating,531.0,590,6600,13.9,MEDIUM,,,,,competitor:sagebariatric.com,sagebariatric #27,
eating disorders sign and symptoms,night eating / arfid / other ED,519.6,1000,12100,3.66,LOW,,,,,ideas,,
gastric bypass vs sleeve,bariatric psych,505.0,320,2900,8.15,LOW,,,,,competitor:sagebariatric.com,sagebariatric #69,
best weight loss medication,glp-1 drug info,468.4,1300,14800,23.28,HIGH,2.1,11,,,gsc,,
how to stop overeating,food addiction / overeating,467.5,390,4400,4.99,MEDIUM,,,,,competitor:eatingrecoverycenter.com,eatingrecoverycenter #17,
binge symptoms,binge eating,457.2,390,5400,4.77,LOW,,,,,competitor:eatingrecoverycenter.com,eatingrecoverycenter #9,signs and symptoms of binge eating disorders
san antonio bariatric center,bariatric psych,456.3,170,170,7.57,MEDIUM,10.5,115,,,gsc|competitor:bariatriccounselingcenter.com,bariatriccounselingcenter #14,bariatric clinic san antonio | bariatric center san antonio
arfid in adult,night eating / arfid / other ED,455.8,720,9900,5.55,LOW,,,,,competitor:eatingrecoverycenter.com,eatingrecoverycenter #8,
ozempic vs zepbound,glp-1 drug info,428.9,390,5400,8.05,MEDIUM,9.0,13,,,gsc,,
stress eating,food addiction / overeating,361.7,480,4400,1.28,LOW,,,,,competitor:eatingrecoverycenter.com|ideas,eatingrecoverycenter #22,
nutrition counseling,nutrition / dietitian,355.6,260,2900,18.12,LOW,7.3,222,,weight-loss,tracked|gsc,,nutritional counseling
md weight loss clinic,other weight / eating,351.0,390,5400,14.57,LOW,,,,,ideas,,
overeaters,food addiction / overeating,313.6,390,4400,1.7,LOW,,,,overeaters,tracked|seed,,
overeating,food addiction / overeating,313.6,390,4400,1.7,LOW,,,,,seed|competitor:eatingrecoverycenter.com,eatingrecoverycenter #3,
overeat,food addiction / overeating,313.6,390,4400,1.7,LOW,,,,,competitor:eatingrecoverycenter.com,eatingrecoverycenter #2,
late night eating,night eating / arfid / other ED,304.1,880,8100,0.76,LOW,,,,,competitor:eatingrecoverycenter.com,eatingrecoverycenter #5,
late-night eating,night eating / arfid / other ED,304.1,880,8100,0.76,LOW,,,,,competitor:eatingrecoverycenter.com,eatingrecoverycenter #6,
does water help you lose weight,blog: hydration,295.9,720,6600,0.08,LOW,14.0,81,,,gsc|competitor:bariatriccounselingcenter.com,bariatriccounselingcenter #45,does water aid in weight loss | will water help you lose weight
dietitian san antonio,nutrition / dietitian,290.6,320,390,10.37,HIGH,30.5,29,,,gsc|competitor:esperanzaedc.com,esperanzaedc #24,nutritionist san antonio | san antonio dietitian | dietitians san antonio | san antonio dietitians | nutritionist san antonio tx
medical weight loss san antonio tx,other weight / eating,282.4,320,320,9.71,MEDIUM,,,,,competitor:sagebariatric.com,sagebariatric #19,
do laxatives help lose weight,other weight / eating,265.2,320,2900,8.81,LOW,,,,,competitor:eatingrecoverycenter.com,eatingrecoverycenter #3,do laxatives help weight loss | do laxatives help to lose weight | will laxative help you lose weight | will laxatives help you lose weight
how much does the sleeve cost,bariatric psych,252.0,140,1000,10.77,MEDIUM,,,,,competitor:sagebariatric.com,sagebariatric #62,how much does the stomach sleeve cost
weight loss san antonio,other weight / eating,239.6,320,390,7.48,HIGH,,,,,competitor:sagebariatric.com,sagebariatric #7,weight loss san antonio tx
what is eating disorder anorexia nervosa,night eating / arfid / other ED,237.2,720,6600,0.49,LOW,,,,,competitor:eatingrecoverycenter.com,eatingrecoverycenter #8,
semaglutide san antonio,glp-1 drug info,226.8,210,260,26.38,HIGH,,,,,competitor:sagebariatric.com,sagebariatric #66,
paralyzed gut,other weight / eating,212.0,1600,14800,1.62,LOW,2.4,12,,,gsc,,
overeating disorder,food addiction / overeating,198.0,110,1300,10.26,MEDIUM,,,,,competitor:eatingrecoverycenter.com,eatingrecoverycenter #8,
therapy for eating disorder near me,night eating / arfid / other ED,189.0,210,2900,32.17,HIGH,,,,,competitor:eatingrecoverycenter.com,eatingrecoverycenter #21,
treatment for obsessive compulsive disorders,other weight / eating,189.0,210,2400,13.18,LOW,,,,,ideas,,
tirzepatide san antonio,glp-1 drug info,183.6,170,210,25.52,HIGH,,,,,competitor:sagebariatric.com,sagebariatric #49,
holistic weight loss,other weight / eating,182.8,140,1600,4.62,MEDIUM,25.2,695,,,gsc,,
zoloft weight gain,other weight / eating,182.6,480,8100,1.34,LOW,,,,,ideas,,
dietician vs nutritionist,nutrition / dietitian,178.3,590,8100,7.53,LOW,2.0,28,,,gsc,,
do probiotic help with weight loss,other weight / eating,158.7,390,5400,1.78,LOW,,,,,competitor:sagebariatric.com,sagebariatric #71,
dietitian vs nutritionist,nutrition / dietitian,156.7,590,6600,5.97,LOW,3.0,53,,,gsc,,
holistic weight loss program,other weight / eating,139.2,110,1300,5.59,LOW,19.3,214,,,gsc,,holistic weight loss programs
medical center weight loss clinic san antonio,weight loss clinic (local),138.6,320,390,2.18,LOW,32.5,18,,,gsc,,
food cravings,blog: sleep / stress / self-esteem,137.7,260,2900,6.03,LOW,,,,,ideas,,
weight loss surgery type,other weight / eating,135.5,170,1600,8.28,MEDIUM,,,,,competitor:sagebariatric.com,sagebariatric #92,
binge eat meaning,binge eating,130.5,140,1000,2.77,LOW,,,,,competitor:eatingrecoverycenter.com,eatingrecoverycenter #3,
does water make you lose weight,blog: hydration,129.9,320,2400,0.05,LOW,22.3,15,,,gsc|competitor:bariatriccounselingcenter.com,bariatriccounselingcenter #36,does drinking water make you lose weight | can drinking water make you lose weight
what is orthorexia,night eating / arfid / other ED,129.4,390,4400,0.53,LOW,,,,,competitor:eatingrecoverycenter.com,eatingrecoverycenter #24,
anorexia and treatment,anorexia / bulimia,128.1,390,4400,8.69,LOW,,,,,competitor:eatingrecoverycenter.com,eatingrecoverycenter #6,treatment and anorexia | anorexia nervosa treated | anorexia disorder treatment | treatment to anorexia nervosa | eating disorders anorexia treatment
eating disorder signs anorexia,night eating / arfid / other ED,125.2,320,3600,1.52,LOW,,,,,competitor:eatingrecoverycenter.com,eatingrecoverycenter #70,
what does anorexic mean,anorexia / bulimia,120.3,390,3600,7.85,LOW,,,,,competitor:eatingrecoverycenter.com,eatingrecoverycenter #41,
gastric staples,bariatric psych,118.2,70,880,9.07,LOW,,,,,competitor:sagebariatric.com,sagebariatric #25,
does pooping help you lose weight,other weight / eating,117.9,390,3600,0.04,LOW,,,,,competitor:eatingrecoverycenter.com,eatingrecoverycenter #56,
define orthorexia,night eating / arfid / other ED,117.5,390,5400,0.02,LOW,,,,,competitor:eatingrecoverycenter.com,eatingrecoverycenter #6,orthorexia definition
orthorexia meaning,night eating / arfid / other ED,117.5,390,5400,0.02,LOW,,,,,competitor:eatingrecoverycenter.com,eatingrecoverycenter #5,
can drinking lots of water help you lose weight,blog: hydration,116.6,480,5400,0.06,LOW,,,,,competitor:bariatriccounselingcenter.com,bariatriccounselingcenter #34,
symptoms to anorexia,anorexia / bulimia,111.0,590,6600,2.84,LOW,,,,,competitor:eatingrecoverycenter.com,eatingrecoverycenter #19,eating disorders anorexia symptoms
prozac weight gain,other weight / eating,106.0,320,5400,0.52,LOW,,,,,ideas,,
compulsive eating causes,food addiction / overeating,105.3,110,1300,2.98,LOW,,,,,competitor:eatingrecoverycenter.com,eatingrecoverycenter #6,reasons for compulsive eating
how long before bed should you stop eating,binge eating,102.6,170,2400,0.03,LOW,,,,,competitor:eatingrecoverycenter.com,eatingrecoverycenter #30,
how to stop night binge eating,binge eating,102.0,90,1300,4.44,MEDIUM,,,,,competitor:eatingrecoverycenter.com,eatingrecoverycenter #3,how to stop nighttime binge eating | how to stop binge eating at night time | how to stop from binge eating at night
what does binge mean,binge eating,102.0,170,1300,0.0,LOW,,,,,competitor:eatingrecoverycenter.com,eatingrecoverycenter #5,
arfid diagnostic criteria,night eating / arfid / other ED,101.8,170,2400,4.98,MEDIUM,,,,,competitor:eatingrecoverycenter.com,eatingrecoverycenter #13,
laxatives lose weight,other weight / eating,101.2,140,1600,7.05,MEDIUM,,,,,competitor:eatingrecoverycenter.com,eatingrecoverycenter #1,losing weight laxatives | laxative and weight loss | laxatives to lose weight | weight loss by laxatives | weight loss and laxatives
ed nutrition,other weight / eating,99.0,110,1300,13.45,LOW,,,,,competitor:eatingrecoverycenter.com,eatingrecoverycenter #28,
how much water should drink a day to lose weight,blog: hydration,98.8,320,1900,1.43,LOW,,,,,competitor:bariatriccounselingcenter.com,bariatriccounselingcenter #43,
night eating syndrome,night eating / arfid / other ED,98.7,260,3600,1.33,LOW,,,,,competitor:eatingrecoverycenter.com|ideas,eatingrecoverycenter #3,
emotional eating meaning,emotional eating,96.9,20,170,13.65,LOW,28.8,123,,,gsc|competitor:bariatriccounselingcenter.com,bariatriccounselingcenter #43,emotional eater meaning
wegovy vs zepbound weight loss,glp-1 drug info,96.6,90,1000,3.82,MEDIUM,28.0,13,,,gsc,,
weight loss and hair fall,other weight / eating,89.8,170,2400,3.8,LOW,,,,,competitor:eatingrecoverycenter.com,eatingrecoverycenter #28,
differences between gastric bypass and gastric sleeve,bariatric psych,89.0,110,1000,1.74,LOW,,,,,competitor:sagebariatric.com,sagebariatric #98,
does depression cause weight loss,blog: sleep / stress / self-esteem,88.5,90,880,7.01,LOW,29.3,21,,,gsc,,
bariatricians,bariatric psych,86.3,70,720,5.27,LOW,,,,,competitor:sagebariatric.com,sagebariatric #66,
what is binge eater,binge eating,85.7,140,1300,0.1,LOW,,,,,competitor:eatingrecoverycenter.com,eatingrecoverycenter #9,
sertraline weight gain,other weight / eating,84.6,260,3600,0.42,LOW,,,,,ideas,,
define binge-eat,binge eating,84.0,140,1000,0.0,LOW,,,,,competitor:eatingrecoverycenter.com,eatingrecoverycenter #3,
emotional eating,emotional eating,83.9,210,2400,3.27,LOW,1.0,436,,,gsc,,
weight loss specialist,other weight / eating,83.4,140,1000,4.93,HIGH,,,,,competitor:sagebariatric.com,sagebariatric #61,weight loss specialists
lanugo hair anorexia,anorexia / bulimia,78.7,590,6600,0.56,LOW,,,,,competitor:eatingrecoverycenter.com,eatingrecoverycenter #1,
what is symptoms of eating disorder,night eating / arfid / other ED,78.6,170,1900,2.71,LOW,,,,,competitor:eatingrecoverycenter.com,eatingrecoverycenter #17,
fat bodied,other weight / eating,78.0,260,1900,0.0,LOW,,,,,competitor:eatingrecoverycenter.com,eatingrecoverycenter #14,
arfid test,night eating / arfid / other ED,77.6,140,1600,4.24,LOW,,,,,competitor:eatingrecoverycenter.com,eatingrecoverycenter #3,
lose weight balloon,other weight / eating,77.0,90,720,9.25,MEDIUM,,,,,competitor:sagebariatric.com,sagebariatric #67,weight loss balloons | balloon for weight loss
anorexic people,anorexia / bulimia,75.0,480,3600,1.51,LOW,,,,,competitor:eatingrecoverycenter.com,eatingrecoverycenter #12,
drinking water and weight loss,blog: hydration,74.3,140,1900,1.23,LOW,28.4,91,,,gsc|competitor:bariatriccounselingcenter.com,bariatriccounselingcenter #33,drinking water and losing weight | drinking water weight loss
how much water should i drink to lose weight,blog: hydration,73.1,260,2900,1.96,LOW,44.3,24,,,gsc|competitor:bariatriccounselingcenter.com,bariatriccounselingcenter #48,
overeaters anonymous san antonio,food addiction / overeating,72.0,40,40,16.66,LOW,,,,overeaters,tracked,,
does drinking water help with weight loss,blog: hydration,71.0,320,3600,0.49,LOW,36.0,34,,,gsc|competitor:bariatriccounselingcenter.com,bariatriccounselingcenter #29,does drinking water help lose weight | does water consumption help lose weight | does drinking water help weight loss | can drinking water help lose weight | does drinking water aid weight loss | can drinking water help in weight loss | can drinking water help with weight loss | will drinking water help with weight loss
what does purging mean,anorexia / bulimia,70.8,590,5400,0.0,LOW,,,,,competitor:eatingrecoverycenter.com,eatingrecoverycenter #7,
how does drinking water help you lose weight,blog: hydration,70.6,170,1600,0.04,LOW,13.3,52,,,gsc|competitor:bariatriccounselingcenter.com,bariatriccounselingcenter #37,how does drinking water help with weight loss
bulimic signs,anorexia / bulimia,69.7,480,5400,1.05,LOW,,,,,competitor:eatingrecoverycenter.com,eatingrecoverycenter #20,
signs of overeating,food addiction / overeating,66.5,110,1300,0.04,LOW,,,,,competitor:eatingrecoverycenter.com,eatingrecoverycenter #3,
bingeing or binging,binge eating,66.0,110,1600,0.0,LOW,,,,,competitor:eatingrecoverycenter.com,eatingrecoverycenter #12,
binging or bingeing,binge eating,66.0,110,1300,0.0,LOW,,,,,competitor:eatingrecoverycenter.com,eatingrecoverycenter #9,
cortisol and weight gain,other weight / eating,65.7,170,2400,1.44,LOW,,,,,ideas,,
sara hamilton,other weight / eating,64.6,20,260,12.25,LOW,8.2,415,2,,gsc,,
is arfid real,night eating / arfid / other ED,64.2,110,1600,4.73,LOW,,,,,competitor:eatingrecoverycenter.com,eatingrecoverycenter #4,
do pooping make you lose weight,other weight / eating,64.0,210,2400,0.08,LOW,,,,,competitor:eatingrecoverycenter.com,eatingrecoverycenter #53,
gastroparesis diet,blog: gastroparesis,63.7,1000,14800,0.3,HIGH,3.0,17,,,gsc,,
balloon in the stomach to lose weight,other weight / eating,63.0,70,590,10.02,MEDIUM,,,,,competitor:sagebariatric.com,sagebariatric #66,
what is purging,anorexia / bulimia,63.0,480,4400,0.47,LOW,,,,,competitor:eatingrecoverycenter.com,eatingrecoverycenter #7,
can pooping cause you to lose weight,other weight / eating,63.0,210,2400,0.0,LOW,,,,,competitor:eatingrecoverycenter.com,eatingrecoverycenter #52,
film about eating disorders,night eating / arfid / other ED,63.0,210,2400,0.0,LOW,,,,,competitor:eatingrecoverycenter.com,eatingrecoverycenter #43,
eating disorder anorexia facts,night eating / arfid / other ED,63.0,70,1000,11.62,LOW,,,,,competitor:eatingrecoverycenter.com,eatingrecoverycenter #30,
eating disorder with autism,night eating / arfid / other ED,63.0,70,1000,17.57,LOW,,,,,competitor:eatingrecoverycenter.com,eatingrecoverycenter #37,
what is the difference between a nutritionist and a dietician,nutrition / dietitian,61.5,140,1600,1.1,LOW,,,,,competitor:bariatriccounselingcenter.com,bariatriccounselingcenter #70,
anorexia in men,anorexia / bulimia,61.2,170,1900,11.12,LOW,,,,,competitor:eatingrecoverycenter.com,eatingrecoverycenter #6,
anorexic man,anorexia / bulimia,61.2,170,1300,11.12,LOW,,,,,competitor:eatingrecoverycenter.com,eatingrecoverycenter #2,
how does water help with weight loss,blog: hydration,59.6,140,1600,0.05,LOW,11.3,76,,,gsc|competitor:bariatriccounselingcenter.com,bariatriccounselingcenter #36,how does water help you lose weight | how does water help in weight loss | how does water aid weight loss | how does water help weight loss
does weight loss cause hair loss,other weight / eating,58.5,110,1000,3.87,LOW,,,,,competitor:eatingrecoverycenter.com,eatingrecoverycenter #51,
anorexic treatment,anorexia / bulimia,58.4,170,1900,9.31,LOW,,,,,competitor:eatingrecoverycenter.com,eatingrecoverycenter #8,
difference between nutritionist and dietitian,nutrition / dietitian,58.2,170,1900,0.58,LOW,30.3,38,,,gsc,,difference between dietitian and nutritionist | difference between nutritionist and dietician | difference between nutrition and dietetics
adhd binge eating,binge eating,57.7,90,1300,0.34,LOW,,,,,competitor:eatingrecoverycenter.com,eatingrecoverycenter #23,
how many hours before bed should you stop eating,binge eating,54.6,90,1300,0.06,LOW,,,,,competitor:eatingrecoverycenter.com,eatingrecoverycenter #33,
compulsive eaters,food addiction / overeating,54.3,90,1000,0.03,LOW,,,,,competitor:eatingrecoverycenter.com,eatingrecoverycenter #4,
compulsive eating,food addiction / overeating,54.3,90,1000,0.03,LOW,,,,,competitor:eatingrecoverycenter.com,eatingrecoverycenter #5,eating compulsively
zepbound vs mounjaro side effects,glp-1 drug info,54.0,50,590,18.45,LOW,,,,,competitor:bariatriccounselingcenter.com,bariatriccounselingcenter #30,
how much does sleeve gastrectomy surgery cost,bariatric psych,54.0,30,390,11.77,MEDIUM,,,,,competitor:sagebariatric.com,sagebariatric #64,
bariatric surgeons san antonio tx,bariatric psych,53.3,40,50,7.98,MEDIUM,34.0,11,,,gsc,,
gastric ballooning side effects,bariatric psych,51.7,30,320,9.36,LOW,,,,,competitor:sagebariatric.com,sagebariatric #84,
arfid definition,night eating / arfid / other ED,51.6,170,5400,0.06,LOW,,,,,competitor:eatingrecoverycenter.com,eatingrecoverycenter #27,
emotional eating counseling,emotional eating,44.1,10,20,34.29,LOW,28.4,47,,,gsc,,
weight loss counseling,weight loss therapy,43.4,20,260,3.54,MEDIUM,23.7,54,,weight-loss,tracked|seed|gsc|competitor:bariatriccounselingcenter.com,bariatriccounselingcenter #12,weight loss counselor | counseling for weight loss | weight loss counselors
which is better zepbound or mounjaro,glp-1 drug info,43.2,40,480,11.04,MEDIUM,,,,,competitor:bariatriccounselingcenter.com,bariatriccounselingcenter #22,
is zepbound better than mounjaro,glp-1 drug info,43.2,40,390,12.45,LOW,,,,,competitor:bariatriccounselingcenter.com,bariatriccounselingcenter #23,
do energy drinks make you gain weight,other weight / eating,43.2,140,1000,0.14,LOW,,,,,competitor:eatingrecoverycenter.com,eatingrecoverycenter #6,can energy drinks make you gain weight | does energy drinks make you gain weight
self sabotaging behaviors,other weight / eating,43.1,170,1900,0.03,LOW,49.5,14,,,gsc,,
eating disorder for teenagers,night eating / arfid / other ED,43.1,70,1300,5.26,MEDIUM,,,,,competitor:eatingrecoverycenter.com,eatingrecoverycenter #42,
arfid eating,night eating / arfid / other ED,42.0,90,2900,2.77,LOW,,,,,competitor:eatingrecoverycenter.com,eatingrecoverycenter #23,
bmi san antonio,other weight / eating,41.6,90,110,2.71,MEDIUM,,,,,competitor:bariatriccounselingcenter.com,bariatriccounselingcenter #53,
can drinking more water help you lose weight,blog: hydration,41.2,170,1900,0.05,LOW,,,,,competitor:bariatriccounselingcenter.com,bariatriccounselingcenter #39,does drinking more water help you lose weight
anorexia is a psychological disorder,anorexia / bulimia,40.0,170,1600,4.81,LOW,,,,,competitor:eatingrecoverycenter.com,eatingrecoverycenter #61,
sleep and weight loss,blog: sleep / stress / self-esteem,39.4,90,1300,0.36,LOW,23.0,20,,,gsc,,sleep for weight loss
difference between dietician and nutritionist,nutrition / dietitian,39.2,110,1000,9.67,LOW,2.0,12,,,gsc,,
statistics of eating disorders,night eating / arfid / other ED,38.8,90,1300,2.18,LOW,,,,,competitor:eatingrecoverycenter.com,eatingrecoverycenter #4,
wegovy or zepbound for weight loss,glp-1 drug info,38.7,20,210,18.03,MEDIUM,23.0,15,,,gsc,,
emotional hunger,other weight / eating,38.4,50,390,13.46,LOW,38.0,12,,,gsc,bariatriccounselingcenter #66,
does water help with weight loss,blog: hydration,37.8,90,1000,0.06,LOW,19.6,33,,,gsc|competitor:bariatriccounselingcenter.com,bariatriccounselingcenter #31,does water help with losing weight | does water help lose weight | does water help weight loss | will water help weight loss
self destructive behavior,other weight / eating,37.8,320,3600,0.85,LOW,3.0,27,,,gsc,,
bulimic face,anorexia / bulimia,36.8,210,2400,2.3,LOW,,,,,competitor:eatingrecoverycenter.com,eatingrecoverycenter #21,
bariatric psychological evaluation,bariatric psych,36.0,20,170,11.5,LOW,,,,,seed,,
weight loss therapist near me,weight loss therapy,36.0,20,260,54.91,MEDIUM,,,,,competitor:bariatriccounselingcenter.com|competitor:findabariatrictherapist.com,bariatriccounselingcenter #29; findabariatrictherapist #16,
bariatric therapist near me,bariatric psych,35.0,0,0,0.0,,5.7,602,1,bariatric,tracked|gsc,,
how much water to drink for weight loss,blog: hydration,34.7,170,1900,0.06,LOW,44.0,14,,,gsc,,how much water to drink to lose weight
food addiction counselor,food addiction / overeating,33.6,10,70,21.87,HIGH,15.0,12,,,gsc,,
can laxative cause weight loss,other weight / eating,33.2,110,1000,0.03,LOW,,,,,competitor:eatingrecoverycenter.com,eatingrecoverycenter #2,do laxatives cause weight loss | can laxatives cause weight loss
do you lose weight by pooping,other weight / eating,33.2,110,1000,0.03,LOW,,,,,competitor:eatingrecoverycenter.com,eatingrecoverycenter #58,
national alliance for eating disorders helpline,night eating / arfid / other ED,33.0,110,1900,0.0,LOW,,,,,competitor:eatingrecoverycenter.com|ideas,eatingrecoverycenter #56,
bariatric water,bariatric psych,32.5,40,390,1.77,MEDIUM,,,,,competitor:sagebariatric.com,sagebariatric #11,
zepbound vs mounjaro weight loss,glp-1 drug info,32.4,30,390,14.26,HIGH,,,,,competitor:bariatriccounselingcenter.com,bariatriccounselingcenter #16,
how to help someone with anorexia eat,anorexia / bulimia,32.1,170,2400,2.87,MEDIUM,,,,,competitor:eatingrecoverycenter.com,eatingrecoverycenter #26,
what causes the anorexia nervosa,anorexia / bulimia,32.0,210,2400,1.34,LOW,,,,,competitor:eatingrecoverycenter.com,eatingrecoverycenter #45,
anorexic bmi,anorexia / bulimia,30.5,90,1300,9.14,LOW,,,,,competitor:eatingrecoverycenter.com,eatingrecoverycenter #60,
purge disorder,anorexia / bulimia,29.3,140,1300,3.71,LOW,,,,,competitor:eatingrecoverycenter.com,eatingrecoverycenter #10,
lap band surgery or gastric bypass,bariatric psych,29.1,20,390,7.11,LOW,,,,,competitor:sagebariatric.com,sagebariatric #40,
body image therapy,blog: sleep / stress / self-esteem,28.8,40,590,15.42,LOW,,,,,seed,,
best frozen meals to lose weight,other weight / eating,28.8,70,880,1.85,HIGH,,,,,competitor:sagebariatric.com,sagebariatric #62,best frozen meals for weight loss
digestive tract paralysis,other weight / eating,28.5,10,90,5.54,LOW,13.5,170,,,gsc,,
new york bariatric group,bariatric psych,28.4,30,4400,2.88,LOW,,,,,ideas,,
anorexia body,anorexia / bulimia,28.1,210,1900,0.58,LOW,,,,,competitor:eatingrecoverycenter.com,eatingrecoverycenter #6,
bariatric nutritionist near me,bariatric psych,27.8,10,140,9.19,MEDIUM,5.0,40,2,,gsc|competitor:bariatriccounselingcenter.com,bariatriccounselingcenter #44,
fat acceptance,other weight / eating,27.3,90,1300,0.06,LOW,,,,,competitor:eatingrecoverycenter.com,eatingrecoverycenter #8,
how do i stop night eating,night eating / arfid / other ED,27.2,70,1000,1.47,MEDIUM,,,,,competitor:eatingrecoverycenter.com,eatingrecoverycenter #3,
diet pepsi how much caffeine,other weight / eating,27.0,90,2900,0.0,LOW,,,,,competitor:eatingrecoverycenter.com,eatingrecoverycenter #85,
fat activism,other weight / eating,27.0,90,1300,0.0,LOW,,,,,competitor:eatingrecoverycenter.com,eatingrecoverycenter #10,fat activist | fat activists
fat positivity,other weight / eating,27.0,90,1300,0.0,LOW,,,,,competitor:eatingrecoverycenter.com,eatingrecoverycenter #6,
anorexia vs anorexia,anorexia / bulimia,26.6,140,1600,2.93,LOW,,,,,competitor:eatingrecoverycenter.com,eatingrecoverycenter #11,
holistic diet for weight loss,other weight / eating,26.3,50,480,0.11,HIGH,24.0,14,,,gsc|competitor:bariatriccounselingcenter.com,bariatriccounselingcenter #31,
bariatric healthcare provider,bariatric psych,26.0,20,170,5.84,LOW,,,,,competitor:sagebariatric.com,sagebariatric #57,bariatric healthcare providers
effects of water on weight loss,blog: hydration,25.6,210,2400,2.57,LOW,1.0,14,,,gsc|competitor:bariatriccounselingcenter.com,bariatriccounselingcenter #29,water and weight loss | water and losing weight
mind and body weight loss,other weight / eating,25.4,50,70,0.0,LOW,6.3,225,,,gsc,,body and mind weight loss
hydration and weight loss,blog: hydration,25.3,30,480,3.61,LOW,12.0,68,,,gsc|competitor:bariatriccounselingcenter.com,bariatriccounselingcenter #17,hydration weight loss
bariatric psychology,bariatric psych,25.0,10,170,5.87,MEDIUM,11.0,15,,,gsc,,
depression weight,blog: sleep / stress / self-esteem,24.7,10,110,0.14,LOW,11.6,3583,,,gsc|competitor:bariatriccounselingcenter.com,bariatriccounselingcenter #14,weight and depression | depression about weight
can dehydration cause loss of appetite,blog: hydration,24.7,40,480,2.17,LOW,11.7,30,,,gsc,,can dehydration cause lack of appetite
dietitian or nutritionist,nutrition / dietitian,24.6,30,320,1.58,MEDIUM,26.9,12,,,gsc,,dietician or nutritionist | nutritionist or dietitian
binging purging,anorexia / bulimia,24.5,110,1300,4.29,LOW,,,,,competitor:eatingrecoverycenter.com,eatingrecoverycenter #7,binging and purging
bariatric psychological evaluation near me,bariatric psych,24.3,0,0,0.0,,20.6,243,1,,gsc,,
what is an emotional eater,emotional eating,24.2,40,390,0.05,LOW,,,,,competitor:bariatriccounselingcenter.com,bariatriccounselingcenter #68,
books on eating disorders,night eating / arfid / other ED,24.2,70,880,0.77,LOW,,,,,competitor:eatingrecoverycenter.com,eatingrecoverycenter #8,
dietitian san antonio tx,nutrition / dietitian,23.3,30,40,5.81,LOW,,,,,competitor:esperanzaedc.com,esperanzaedc #23,
weight loss counseling near me,weight loss therapy,23.2,10,110,7.57,HIGH,10.0,32,,,gsc,,
anorexic woman,anorexia / bulimia,23.1,170,1900,0.67,LOW,,,,,competitor:eatingrecoverycenter.com,eatingrecoverycenter #38,
what is emotional eating,emotional eating,23.0,40,390,0.05,LOW,35.6,55,,,gsc|competitor:bariatriccounselingcenter.com,bariatriccounselingcenter #67,
ozempic or zepbound for weight loss,glp-1 drug info,22.0,10,70,10.87,HIGH,10.4,22,,,gsc,,
can water make you lose weight,blog: hydration,21.8,90,720,0.04,LOW,,,,,competitor:bariatriccounselingcenter.com,bariatriccounselingcenter #21,
how much water do i need drink to lose weight,blog: hydration,21.8,70,590,1.49,LOW,,,,,competitor:bariatriccounselingcenter.com,bariatriccounselingcenter #76,
zepbound vs wegovy for weight loss,glp-1 drug info,21.6,20,210,18.93,LOW,,,,,competitor:bariatriccounselingcenter.com,bariatriccounselingcenter #24,
post bariatric surgery meal plan pdf,bariatric psych,21.6,20,260,4.01,HIGH,,,,,competitor:sagebariatric.com,sagebariatric #58,
water intake for weight loss,blog: hydration,21.3,50,590,0.09,LOW,10.6,22,,,gsc|competitor:bariatriccounselingcenter.com,bariatriccounselingcenter #39,water intake and weight loss | weight loss and water intake
how many weeks is considered a weight loss plateau,other weight / eating,21.2,70,880,0.04,LOW,,,,,competitor:sagebariatric.com,sagebariatric #66,
ozempic vs mounjaro vs zepbound weight loss,glp-1 drug info,21.0,0,0,0.0,,8.6,2210,,,gsc,,
weight loss programs san antonio tx,weight loss clinic (local),20.8,20,20,16.24,MEDIUM,36.0,31,,,gsc,,weight loss programs san antonio | san antonio weight loss program
mounjaro vs zepbound weight loss,glp-1 drug info,20.8,20,320,2.91,LOW,11.5,19,,,gsc|competitor:bariatriccounselingcenter.com,bariatriccounselingcenter #16,
famous people with anorexia,anorexia / bulimia,20.7,170,2400,0.07,LOW,,,,,competitor:eatingrecoverycenter.com,eatingrecoverycenter #24,
nutrition counseling services,nutrition / dietitian,20.5,20,210,7.69,LOW,44.5,69,,,gsc,,nutritional counseling services
compulsive overeating,food addiction / overeating,20.2,30,480,0.62,MEDIUM,,,,overeaters,tracked,,
weight loss psychologist,weight loss therapy,20.1,10,70,3.89,MEDIUM,27.0,13,,,gsc|competitor:findabariatrictherapist.com,findabariatrictherapist #43,
bariatric ricotta bake,bariatric psych,20.0,30,480,0.56,LOW,,,,,competitor:sagebariatric.com,sagebariatric #36,ricotta bake bariatric | baked ricotta bariatric | ricotta cheese bake bariatric
do i have anorexia quiz,anorexia / bulimia,19.7,90,1300,4.12,LOW,,,,,competitor:eatingrecoverycenter.com,eatingrecoverycenter #2,
bmi center san antonio,other weight / eating,19.2,10,10,7.96,MEDIUM,7.0,112,,,gsc,,
caloric bypass diet plan pdf,bariatric psych,19.1,20,260,2.94,LOW,,,,,competitor:sagebariatric.com,sagebariatric #36,
dietician and nutritionist,nutrition / dietitian,18.9,20,170,57.61,MEDIUM,58.6,10,,,gsc,,
mounjaro vs zepbound for weight loss,glp-1 drug info,18.6,10,170,2.49,MEDIUM,11.3,107,,,gsc|competitor:bariatriccounselingcenter.com,bariatriccounselingcenter #15,
nutrition coach san antonio,other weight / eating,18.6,10,10,37.63,HIGH,28.4,24,,,gsc,,
weight loss and mental health,weight loss therapy,18.5,10,140,48.11,LOW,54.8,23,,,gsc,,
eating disorder san antonio,night eating / arfid / other ED,18.0,20,20,27.27,HIGH,,,,eating-disorders,tracked,,
overeating help,food addiction / overeating,18.0,10,90,42.34,MEDIUM,,,,,seed,,
bariatric health and wellness,bariatric psych,18.0,10,50,12.46,LOW,,,,,competitor:bariatriccounselingcenter.com,bariatriccounselingcenter #40,
revision bariatric surgeons,bariatric psych,18.0,10,10,11.71,LOW,,,,,competitor:sagebariatric.com,sagebariatric #96,
gastric pouch,bariatric psych,18.0,30,260,0.0,LOW,,,,,competitor:sagebariatric.com,sagebariatric #9,gastric pouches
ata bariatrics,bariatric psych,18.0,10,50,41.08,LOW,,,,,competitor:findabariatrictherapist.com,findabariatrictherapist #12,
how much water should you drink to lose weight,blog: hydration,17.9,50,720,2.47,LOW,,,,,competitor:bariatriccounselingcenter.com,bariatriccounselingcenter #48,
is zepbound the same as mounjaro or ozempic,glp-1 drug info,17.4,10,50,10.25,LOW,10.0,38,,,gsc|competitor:bariatriccounselingcenter.com,bariatriccounselingcenter #12,
mounjaro vs zepbound vs ozempic,glp-1 drug info,17.2,0,0,0.0,,8.4,410,,,gsc,,
statistics of anorexia,anorexia / bulimia,17.2,90,1600,2.95,LOW,,,,,competitor:eatingrecoverycenter.com,eatingrecoverycenter #4,
bariatric counselor indiana,bariatric psych,16.9,0,0,0.0,,7.6,241,,,gsc,,
binge eating counseling,binge eating,16.6,10,40,42.28,HIGH,40.0,11,,,gsc,,
what is the weight loss version of mounjaro,glp-1 drug info,16.6,10,90,7.57,MEDIUM,10.7,10,,,gsc,,
can a nutritionist help me lose weight,nutrition / dietitian,16.5,20,210,6.45,MEDIUM,,,,,competitor:bariatriccounselingcenter.com,bariatriccounselingcenter #60,
how much water to drink a day for weight loss,blog: hydration,16.4,50,590,3.01,LOW,55.5,12,,,gsc|competitor:bariatriccounselingcenter.com,bariatriccounselingcenter #58,how much water to drink a day to lose weight
stage 2 bariatric diet,bariatric psych,16.2,20,260,1.77,MEDIUM,,,,,competitor:sagebariatric.com,sagebariatric #29,
emotional eating therapy mcallen tx,emotional eating,15.7,0,0,0.0,,13.8,157,,,gsc,,
emotional eating counseling mcallen tx,emotional eating,15.6,0,0,0.0,,11.3,156,,,gsc,,
what is better zepbound or mounjaro,glp-1 drug info,15.3,20,170,5.64,MEDIUM,,,,,competitor:bariatriccounselingcenter.com,bariatriccounselingcenter #24,
hair loss after sleeve gastrectomy,bariatric psych,15.1,20,260,1.29,MEDIUM,,,,,competitor:sagebariatric.com,sagebariatric #21,
holistic weight loss diet,other weight / eating,15.0,50,480,0.0,,,,,,competitor:bariatriccounselingcenter.com,bariatriccounselingcenter #39,
bariatric diet stage 3,bariatric psych,14.9,20,260,1.22,MEDIUM,,,,,competitor:sagebariatric.com,sagebariatric #49,stage 3 bariatric diet
binge eating therapy mcallen tx,binge eating,14.8,0,0,0.0,,13.4,148,,,gsc,,
does depression cause weight gain,blog: sleep / stress / self-esteem,14.7,20,210,3.61,LOW,21.7,13,,,gsc,,
bariatric meal ideas,bariatric psych,14.7,20,260,1.13,HIGH,,,,,competitor:sagebariatric.com,sagebariatric #22,bariatric meals ideas
weight loss version of mounjaro,glp-1 drug info,14.5,10,110,8.69,HIGH,9.4,26,,,gsc,,
weight loss treatment centers,other weight / eating,14.2,10,50,7.07,HIGH,15.0,18,,,gsc,,
bariatric psychiatrist,bariatric psych,13.6,0,0,0.0,,11.0,136,,,gsc,,
bariatric psychologist,bariatric psych,13.4,0,0,0.0,,9.7,192,,,gsc,,
san antonio eating disorder clinic,night eating / arfid / other ED,13.4,20,20,6.14,HIGH,,,,,competitor:esperanzaedc.com|competitor:vitalitylifecounselingsa.com,esperanzaedc #2; vitalitylifecounselingsa #58,
how much water a day to lose weight,blog: hydration,13.2,40,480,1.88,LOW,,,,,competitor:bariatriccounselingcenter.com,bariatriccounselingcenter #53,
anorexia films,anorexia / bulimia,13.2,110,1000,0.0,LOW,,,,,competitor:eatingrecoverycenter.com,eatingrecoverycenter #29,films about anorexia
zepbound vs mounjaro which is better for weight loss,glp-1 drug info,13.0,20,210,4.06,HIGH,,,,,competitor:bariatriccounselingcenter.com,bariatriccounselingcenter #16,
mounjaro or zepbound for weight loss,glp-1 drug info,12.7,10,70,2.99,MEDIUM,11.0,32,,,gsc,,
can you lose weight drinking water only,blog: hydration,12.6,40,390,1.58,LOW,,,,,competitor:bariatriccounselingcenter.com,bariatriccounselingcenter #30,
is zepbound the same as ozempic and wegovy,glp-1 drug info,12.0,10,50,3.06,LOW,11.0,24,,,gsc,,
3 day diet before surgery,other weight / eating,12.0,40,480,0.0,LOW,,,,,competitor:sagebariatric.com,sagebariatric #43,3-day diet before surgery
holistic weight loss plan,other weight / eating,11.8,20,210,0.0,LOW,20.0,37,,,gsc|competitor:bariatriccounselingcenter.com,bariatriccounselingcenter #23,is water weight loss good
compulsive overeating treatment,food addiction / overeating,11.7,10,90,4.76,LOW,,,,,seed,,
emotional eating definition,emotional eating,11.6,10,90,0.0,LOW,11.0,16,,,gsc,,
why do i emotional eat,emotional eating,11.5,10,40,4.62,LOW,,,,,competitor:bariatriccounselingcenter.com,bariatriccounselingcenter #67,
hamilton weight loss clinic,other weight / eating,11.4,10,10,5.09,MEDIUM,26.0,13,,,gsc,,
can just drink water lose weight,blog: hydration,11.1,30,260,2.72,LOW,,,,,competitor:bariatriccounselingcenter.com,bariatriccounselingcenter #28,can just drinking water lose weight | can only drinking water lose weight | will just drinking water lose weight
mounjaro options,glp-1 drug info,10.9,10,30,6.83,HIGH,9.3,10,,,gsc,,
intuitive eating therapist,nutrition / dietitian,10.8,10,170,25.38,LOW,,,,,seed,,
can nutritionist help lose weight,nutrition / dietitian,10.8,10,170,11.48,LOW,,,,,competitor:bariatriccounselingcenter.com,bariatriccounselingcenter #51,do nutritionist help with weight loss | do nutritionists help with weight loss
zepbound the same as mounjaro,glp-1 drug info,10.8,20,210,2.52,LOW,,,,,competitor:bariatriccounselingcenter.com,bariatriccounselingcenter #43,
what is better mounjaro or zepbound,glp-1 drug info,10.8,10,140,17.31,LOW,,,,,competitor:bariatriccounselingcenter.com,bariatriccounselingcenter #21,
zepbound or mounjaro for weight loss,glp-1 drug info,10.8,10,110,13.6,MEDIUM,,,,,competitor:bariatriccounselingcenter.com,bariatriccounselingcenter #24,
zepbound vs mounjaro for weight loss,glp-1 drug info,10.8,10,110,13.2,MEDIUM,,,,,competitor:bariatriccounselingcenter.com,bariatriccounselingcenter #21,
is there a difference between a dietitian and a nutritionist,nutrition / dietitian,10.8,10,50,13.16,LOW,,,,,competitor:bariatriccounselingcenter.com,bariatriccounselingcenter #66,
does a nutritionist help you lose weight,nutrition / dietitian,10.8,10,40,18.23,MEDIUM,,,,,competitor:bariatriccounselingcenter.com,bariatriccounselingcenter #55,
is zepbound and wegovy the same drug,glp-1 drug info,10.8,10,40,29.25,LOW,,,,,competitor:bariatriccounselingcenter.com,bariatriccounselingcenter #20,
mounjaro or zepbound better for weight loss,glp-1 drug info,10.8,10,40,34.24,HIGH,,,,,competitor:bariatriccounselingcenter.com,bariatriccounselingcenter #18,
which one is better mounjaro or zepbound,glp-1 drug info,10.8,10,40,12.09,LOW,,,,,competitor:bariatriccounselingcenter.com,bariatriccounselingcenter #19,
certified nutrition specialist vs registered dietitian,nutrition / dietitian,10.7,10,110,9.93,LOW,,,,,competitor:bariatriccounselingcenter.com,bariatriccounselingcenter #66,
wegovy vs ozempic vs zepbound,glp-1 drug info,10.6,0,0,0.0,,11.6,177,,,gsc,,
nutritional counseling san antonio tx,nutrition / dietitian,10.5,0,0,0.0,,21.0,175,,weight-loss,tracked|gsc,,
natural glp-1 tea,glp-1 drug info,10.5,20,320,2.29,HIGH,,,,,competitor:sagebariatric.com,sagebariatric #47,
does nutritionist help you lose weight,nutrition / dietitian,10.4,10,40,9.4,LOW,,,,,competitor:bariatriccounselingcenter.com,bariatriccounselingcenter #55,
holistic weight management,other weight / eating,9.9,10,170,0.0,MEDIUM,21.0,98,,,gsc|competitor:bariatriccounselingcenter.com,bariatriccounselingcenter #19,
sleep and weight management,blog: sleep / stress / self-esteem,9.9,20,170,0.03,LOW,23.5,46,,,gsc,,
can just drinking water help lose weight,blog: hydration,9.7,40,260,0.05,LOW,,,,,competitor:bariatriccounselingcenter.com,bariatriccounselingcenter #31,can only drinking water help lose weight
how to have self control with food,other weight / eating,9.6,20,210,3.31,LOW,50.0,32,,,gsc,bariatriccounselingcenter #31,
what's better mounjaro or zepbound,glp-1 drug info,9.5,10,110,8.14,LOW,,,,,competitor:bariatriccounselingcenter.com,bariatriccounselingcenter #17,
high protein frozen meals for weight loss,other weight / eating,9.4,30,260,0.23,HIGH,,,,,competitor:sagebariatric.com,sagebariatric #17,high-protein frozen meals for weight loss
eating disorder therapist san antonio,night eating / arfid / other ED,9.3,0,0,0.0,,12.0,186,,eating-disorders,tracked|gsc,,
therapy for emotional eating mcallen tx,emotional eating,9.3,0,0,0.0,,15.7,93,,,gsc,,
holistic fat loss,other weight / eating,9.3,10,20,11.65,HIGH,47.0,24,,,gsc,,
holistic health weight loss,other weight / eating,9.2,10,70,3.33,LOW,23.0,10,,,gsc,,
difference between a nutritionist and a registered dietitian,nutrition / dietitian,9.1,10,90,8.56,LOW,69.8,12,,,gsc,,
arfid doctor near me,night eating / arfid / other ED,9.0,10,40,18.01,HIGH,,,,,competitor:esperanzaedc.com,esperanzaedc #69,
php eating disorder programs,night eating / arfid / other ED,9.0,10,30,20.88,HIGH,,,,,competitor:esperanzaedc.com,esperanzaedc #89,
pivot weight loss,other weight / eating,9.0,10,480,12.81,HIGH,,,,,competitor:sagebariatric.com,sagebariatric #27,
weight in gold wellness,other weight / eating,9.0,10,390,24.36,LOW,,,,,competitor:sagebariatric.com,sagebariatric #53,
balance eating disorder treatment center nyc,night eating / arfid / other ED,9.0,10,1300,13.84,LOW,,,,,competitor:eatingrecoverycenter.com,eatingrecoverycenter #25,
bariatric counseling,bariatric psych,8.7,0,0,0.0,,1.9,433,4,bariatric,tracked|gsc,,
eating disorder counseling san antonio,night eating / arfid / other ED,8.6,0,0,0.0,,12.1,171,,eating-disorders,tracked|gsc,,
main line center for eating disorders,night eating / arfid / other ED,8.6,10,90,9.4,LOW,,,,,competitor:esperanzaedc.com,esperanzaedc #97,
depressed about being overweight,blog: sleep / stress / self-esteem,8.4,10,10,4.15,,16.0,15,,,gsc,,depressed from being overweight | depression from being overweight
dietitian types,nutrition / dietitian,8.3,10,90,6.51,LOW,,,,,competitor:bariatriccounselingcenter.com,bariatriccounselingcenter #70,
bariatric surgery san antonio,bariatric psych,8.2,0,0,0.0,,29.8,82,,,gsc,,
drinking water help lose weight,blog: hydration,8.2,30,390,0.72,LOW,,,,,competitor:bariatriccounselingcenter.com,bariatriccounselingcenter #33,
is zepbound or mounjaro better,glp-1 drug info,8.2,10,140,6.43,MEDIUM,,,,,competitor:bariatriccounselingcenter.com,bariatriccounselingcenter #27,
goal bmi,other weight / eating,8.1,20,320,1.76,LOW,,,,,competitor:sagebariatric.com,sagebariatric #62,
wegovy ozempic or zepbound,glp-1 drug info,8.0,0,0,0.0,,11.0,133,,,gsc,,
can only drinking water help you lose weight,blog: hydration,8.0,30,260,0.59,LOW,,,,,competitor:bariatriccounselingcenter.com,bariatriccounselingcenter #33,
weight loss for body confidence,other weight / eating,7.9,0,0,0.0,,8.1,226,,,gsc,,
eating disorder therapy san antonio,night eating / arfid / other ED,7.6,0,0,0.0,,15.0,152,,,gsc,,
is drinking water good to lose weight,blog: hydration,7.5,30,320,0.23,LOW,,,,,competitor:bariatriccounselingcenter.com,bariatriccounselingcenter #37,
tri valley medical weight control murrieta,other weight / eating,7.5,10,1900,7.47,LOW,,,,,ideas,,
zepbound like mounjaro,glp-1 drug info,7.4,10,40,5.28,MEDIUM,,,,,competitor:bariatriccounselingcenter.com,bariatriccounselingcenter #26,
why does drinking water help you lose weight,blog: hydration,7.3,30,390,0.05,LOW,,,,,competitor:bariatriccounselingcenter.com,bariatriccounselingcenter #49,
will drinking more water help me lose weight,blog: hydration,7.3,30,320,0.05,LOW,,,,,competitor:bariatriccounselingcenter.com,bariatriccounselingcenter #37,
mounjaro zepbound difference,glp-1 drug info,7.3,10,140,5.2,LOW,,,,,competitor:bariatriccounselingcenter.com,bariatriccounselingcenter #32,
going to sleep hungry weight loss,blog: sleep / stress / self-esteem,7.2,30,390,0.0,LOW,,,,,competitor:bariatriccounselingcenter.com,bariatriccounselingcenter #43,
does drinking only water help you lose weight,blog: hydration,7.2,30,260,0.0,LOW,,,,,competitor:bariatriccounselingcenter.com,bariatriccounselingcenter #27,will only drinking water help you lose weight
how to lose depression weight,blog: sleep / stress / self-esteem,7.2,10,110,11.43,LOW,,,,,competitor:bariatriccounselingcenter.com,bariatriccounselingcenter #67,
nutriologist or nutritionist,nutrition / dietitian,7.2,20,50,0.0,MEDIUM,,,,,competitor:bariatriccounselingcenter.com,bariatriccounselingcenter #59,
cordova weight loss clinic,other weight / eating,7.2,20,2400,1.01,MEDIUM,,,,,ideas,,
zepbound or ozempic for weight loss,glp-1 drug info,6.9,10,70,4.58,HIGH,,,,,competitor:bariatriccounselingcenter.com,bariatriccounselingcenter #13,
body image dysmorphia,blog: sleep / stress / self-esteem,6.9,20,260,2.16,LOW,,,,,competitor:monarchbehavioral.net,monarchbehavioral #36,
bariatric dinner ideas,bariatric psych,6.9,10,260,0.76,HIGH,,,,,competitor:sagebariatric.com,sagebariatric #22,
therapy weight,weight loss therapy,6.8,10,110,0.7,LOW,,,,,competitor:findabariatrictherapist.com,findabariatrictherapist #38,
weight loss and water retention,blog: hydration,6.6,20,260,1.84,MEDIUM,,,,,competitor:bariatriccounselingcenter.com,bariatriccounselingcenter #49,
bariatriccounselingcenter com,bariatric psych,6.5,0,0,0.0,,1.0,327,,,gsc,,
overweight and depressed,blog: sleep / stress / self-esteem,6.5,10,40,0.0,LOW,17.4,62,,,gsc,,depressed and overweight
can dehydration cause weight gain,blog: hydration,6.5,70,720,0.4,LOW,1.0,54,,,gsc|competitor:bariatriccounselingcenter.com,bariatriccounselingcenter #20,does dehydration cause weight gain
72-hour fast weight loss,other weight / eating,6.5,20,260,0.45,LOW,,,,,competitor:sagebariatric.com,sagebariatric #8,72 hour fast weight loss | weight loss 72 hour fast
can dehydration cause weight loss,blog: hydration,6.4,30,320,0.0,LOW,1.0,730,4,,gsc|competitor:bariatriccounselingcenter.com,bariatriccounselingcenter #1,does dehydration cause weight loss
what to eat after binge eating,binge eating,6.4,10,50,0.35,LOW,,,,,competitor:bariatriccounselingcenter.com,bariatriccounselingcenter #42,
best time to sleep for weight loss,blog: sleep / stress / self-esteem,6.3,30,260,0.02,LOW,40.0,13,,,gsc|competitor:bariatriccounselingcenter.com,bariatriccounselingcenter #28,best time to sleep to lose weight
all voices nutrition,other weight / eating,6.3,10,90,5.56,LOW,,,,,competitor:threeoakstexas.com,threeoakstexas #35,
differences between weight loss drugs,glp-1 drug info,6.1,10,20,3.53,HIGH,,,,,competitor:bariatriccounselingcenter.com,bariatriccounselingcenter #15,
what is binge,binge eating,6.1,10,1300,0.1,LOW,,,,,competitor:eatingrecoverycenter.com,eatingrecoverycenter #2,
what is bingeing,binge eating,6.1,10,1300,0.1,LOW,,,,,competitor:eatingrecoverycenter.com,eatingrecoverycenter #3,
what is binges,binge eating,6.1,10,1300,0.1,LOW,,,,,competitor:eatingrecoverycenter.com,eatingrecoverycenter #3,
weight loss therapy san antonio,weight loss therapy,6.0,10,10,0.0,LOW,,,,weight-loss,tracked|gsc,,self esteem and weight loss | self esteem weight loss | weight loss and self esteem | does dehydration slow weight loss | can dehydration stop weight loss | can dehydration slow weight loss | can weight loss cause dehydration | can not drinking enough water slow weight loss | can dehydration stall weight loss | does not drinking water cause weight loss | dietician and weight loss | does dehydration stop weight loss | can dehydration affect weight loss | can dehydration lead to weight loss | can not drinking water cause weight loss | can not drinking enough water prevent weight loss | can not drinking enough water stop weight loss | how does not drinking enough water affect weight loss | dehydration weight loss percentage | confidence after weight loss | effects of dehydration on weight loss | does not drinking enough water affect weight loss | weight loss hypnosis san antonio tx | can not drinking enough water hinder weight loss | does weight loss cause dehydration | is being thirsty a sign of weight loss | medical center weight loss clinic san antonio tx | san antonio cognitive behavioral therapy | can not drinking enough water affect weight loss
overeaters anonymous texas,food addiction / overeating,6.0,10,10,0.0,LOW,,,,,seed,,
dietitian vs nutritionist for weight loss,nutrition / dietitian,6.0,10,90,9.12,MEDIUM,1.0,78,,,gsc,,
why is emotional eating harmful,emotional eating,6.0,10,110,0.0,LOW,,,,,competitor:bariatriccounselingcenter.com,bariatriccounselingcenter #79,
emotional eating cause,emotional eating,6.0,10,40,0.03,LOW,,,,,competitor:bariatriccounselingcenter.com,bariatriccounselingcenter #50,reasons for emotional eating
emotional eating signs,emotional eating,6.0,10,40,0.02,LOW,,,,,competitor:bariatriccounselingcenter.com,bariatriccounselingcenter #44,signs of emotional eating
emotional eating triggers,emotional eating,6.0,10,40,0.0,LOW,,,,,competitor:bariatriccounselingcenter.com,bariatriccounselingcenter #55,
synergy bariatric,bariatric psych,6.0,10,590,0.0,LOW,,,,,competitor:sagebariatric.com,sagebariatric #41,synergy bariatrics
emotional eating symptoms,emotional eating,5.9,0,0,0.0,,25.7,59,,,gsc,,
holistic treatment for weight loss,other weight / eating,5.8,10,90,3.34,HIGH,59.4,40,,,gsc,,
bariatric nutrition services,bariatric psych,5.8,10,10,0.0,,60.0,15,,,gsc,,
how to sleep for weight loss,blog: sleep / stress / self-esteem,5.8,10,170,1.28,LOW,15.0,15,,,gsc|competitor:bariatriccounselingcenter.com,bariatriccounselingcenter #32,
impulse food,other weight / eating,5.7,10,10,0.0,,11.0,13,,,gsc,,
food addiction treatment,food addiction / overeating,5.6,0,0,0.0,,19.0,56,,,seed|gsc,,
virtual gastric band hypnotherapy san antonio tx,bariatric psych,5.6,0,0,0.0,,16.0,56,,,gsc,,
obesity counseling,weight loss therapy,5.5,0,0,0.0,,3.5,78,,,seed|gsc,,
food paralysis,other weight / eating,5.5,10,70,0.0,LOW,7.0,57,,,gsc,,
bariatric clinic,bariatric psych,5.5,0,0,0.0,,11.0,55,,,gsc,,
emotional eating support group near me,emotional eating,5.5,10,10,0.0,,39.0,11,,,gsc,,
does water make you less hungry,other weight / eating,5.5,10,70,0.0,LOW,10.7,11,,,gsc,,
will not drinking water cause weight gain,blog: hydration,5.5,10,50,6.56,LOW,,,,,competitor:bariatriccounselingcenter.com,bariatriccounselingcenter #8,
can not drinking enough water cause weight gain,blog: hydration,5.3,30,320,2.67,LOW,2.0,135,,,gsc|competitor:bariatriccounselingcenter.com,bariatriccounselingcenter #9,does not drinking enough water cause weight gain | will not drinking enough water cause weight gain
nutritionist or dietician for weight loss,nutrition / dietitian,5.3,10,30,17.01,LOW,1.0,46,,,gsc,,
depressed about my weight,blog: sleep / stress / self-esteem,5.3,10,10,0.0,LOW,12.0,33,,,gsc,,weight related depression | my weight is making me depressed
obesity therapist,weight loss therapy,5.1,0,0,0.0,,11.0,51,,,gsc,,
rebuild self-esteem after dieting,blog: sleep / stress / self-esteem,5.0,0,0,0.0,,3.8,180,,,gsc,,
can being overweight cause anxiety,blog: sleep / stress / self-esteem,5.0,10,110,0.0,LOW,11.4,25,,,gsc|competitor:bariatriccounselingcenter.com,bariatriccounselingcenter #26,does being overweight cause anxiety
lost weight due to anxiety,blog: sleep / stress / self-esteem,5.0,20,260,0.26,LOW,,,,,competitor:bariatriccounselingcenter.com,bariatriccounselingcenter #76,
anorexia treatment centers texas,anorexia / bulimia,4.9,20,40,5.25,MEDIUM,,,,,competitor:esperanzaedc.com,esperanzaedc #16,eating disorder treatment center in texas | treatment centers for eating disorders in texas
is drinking a lot of water good for weight loss,blog: hydration,4.9,20,260,0.08,LOW,,,,,competitor:bariatriccounselingcenter.com,bariatriccounselingcenter #32,is drinking a lot of water good for losing weight
why does water help you lose weight,blog: hydration,4.9,20,260,0.07,LOW,,,,,competitor:bariatriccounselingcenter.com,bariatriccounselingcenter #23,
can drinking water lose weight,blog: hydration,4.9,20,210,0.06,LOW,,,,,competitor:bariatriccounselingcenter.com,bariatriccounselingcenter #32,will i lose weight by drinking water | how does drinking lots of water help you lose weight
does hydration help weight loss,blog: hydration,4.8,10,30,0.0,LOW,18.0,21,,,gsc|competitor:bariatriccounselingcenter.com,bariatriccounselingcenter #15,does hydration help lose weight | does drinking water promote weight loss | can increasing water intake cause weight loss
is losing water weight good,blog: hydration,4.8,20,210,0.0,LOW,,,,,competitor:bariatriccounselingcenter.com,bariatriccounselingcenter #42,
will water help me lose weight,blog: hydration,4.8,20,140,0.0,LOW,,,,,competitor:bariatriccounselingcenter.com,bariatriccounselingcenter #31,
bariatric procedure call center,bariatric psych,4.7,0,0,0.0,,24.0,47,,,gsc,,
food paralysis meaning,other weight / eating,4.7,10,10,0.0,LOW,5.7,34,,,gsc,,
dietician vs nutritionist for weight loss,nutrition / dietitian,4.7,10,70,11.55,HIGH,1.0,31,,,gsc,,
do you get more thirsty when losing weight,other weight / eating,4.6,10,10,0.0,,5.0,31,,,gsc,,do you get thirsty when losing weight | mental benefits of losing weight | does losing weight make you dehydrated | how much weight do you lose when dehydrated
bariatric counseling near me,bariatric psych,4.5,0,0,0.0,,4.0,65,,,gsc,,
can dehydration make you lose your appetite,blog: hydration,4.5,10,30,0.05,LOW,11.0,11,,,gsc|competitor:bariatriccounselingcenter.com,bariatriccounselingcenter #10,
nutritionist or dietitian for weight loss,nutrition / dietitian,4.4,10,20,15.14,HIGH,1.0,21,,,gsc,,
recommended water intake for weight loss,blog: hydration,4.4,10,50,0.0,LOW,22.7,10,,,gsc|competitor:bariatriccounselingcenter.com,bariatriccounselingcenter #10,dehydration and water weight | does losing water weight make a difference | can not drinking water make you gain weight | is drinking water important for weight loss | does just drinking water make you lose weight | does only drinking water make you lose weight | does drinking water everyday help you lose weight
zepbound and mounjaro difference,glp-1 drug info,4.4,10,140,1.17,MEDIUM,,,,,competitor:bariatriccounselingcenter.com,bariatriccounselingcenter #38,
ozempic vs wegovy vs mounjaro vs zepbound,glp-1 drug info,4.3,0,0,0.0,,6.2,103,3,,gsc,,
coping skills for eating disorders,night eating / arfid / other ED,4.3,0,0,0.0,,27.9,86,,,gsc,,
does not drinking water cause weight gain,blog: hydration,4.3,10,170,0.0,LOW,9.6,54,,,gsc|competitor:bariatriccounselingcenter.com,bariatriccounselingcenter #7,can not drinking water cause weight gain
can stomach paralysis be reversed,blog: gastroparesis,4.3,10,70,3.81,LOW,10.0,15,,,gsc,,
zepbound mounjaro difference,glp-1 drug info,4.3,10,170,0.95,MEDIUM,,,,,competitor:bariatriccounselingcenter.com,bariatriccounselingcenter #34,
nutritionist vs dietician for weight loss,nutrition / dietitian,4.2,10,70,8.22,LOW,1.0,33,,,gsc,,
does being dehydrated make you not hungry,blog: hydration,4.2,10,10,1.58,LOW,8.2,13,,,gsc,,
does anxiety make you lose weight,blog: sleep / stress / self-esteem,4.2,20,210,0.0,LOW,31.0,10,,,gsc,,
what are examples of self sabotaging behaviors,other weight / eating,4.1,10,10,0.06,,9.0,16,,,gsc,,
staying motivated with weight loss,other weight / eating,4.0,10,50,1.6,LOW,,,,,competitor:bariatriccounselingcenter.com,bariatriccounselingcenter #60,
bariatric psych eval texas,bariatric psych,3.8,0,0,0.0,,11.0,38,,,gsc,,
dieting sleep,blog: sleep / stress / self-esteem,3.8,10,10,2.85,LOW,,,,,competitor:bariatriccounselingcenter.com,bariatriccounselingcenter #33,
dietary nutritionist,nutrition / dietitian,3.8,10,140,0.22,MEDIUM,,,,,competitor:bariatriccounselingcenter.com,bariatriccounselingcenter #44,
distorted body image disorder,blog: sleep / stress / self-esteem,3.8,10,50,3.0,LOW,,,,,competitor:monarchbehavioral.net,monarchbehavioral #27,
dehydration weight loss,blog: hydration,3.7,10,70,0.0,LOW,2.4,363,3,,gsc|competitor:bariatriccounselingcenter.com,bariatriccounselingcenter #46,can dehydration make you lose weight | does dehydration make you lose weight | dehydrated weight loss | how important is drinking water for weight loss | sleeping position for weight loss
nutritionist vs rd,nutrition / dietitian,3.7,10,90,0.12,LOW,,,,,competitor:bariatriccounselingcenter.com,bariatriccounselingcenter #62,
rd vs nutritionist,nutrition / dietitian,3.7,10,90,0.12,LOW,,,,,competitor:bariatriccounselingcenter.com,bariatriccounselingcenter #59,
what is a registered dietitian vs nutritionist,nutrition / dietitian,3.6,10,10,0.0,,61.5,19,,,gsc,,
should i see a dietitian or nutritionist to lose weight,nutrition / dietitian,3.6,10,90,8.36,MEDIUM,1.0,11,,,gsc|competitor:bariatriccounselingcenter.com,bariatriccounselingcenter #55,
nutritionist types,nutrition / dietitian,3.6,10,110,0.06,LOW,,,,,competitor:bariatriccounselingcenter.com,bariatriccounselingcenter #65,
is a dietitian and nutritionist the same thing,nutrition / dietitian,3.6,10,90,0.02,LOW,,,,,competitor:bariatriccounselingcenter.com,bariatriccounselingcenter #90,
what is nutritionist dietitian,nutrition / dietitian,3.6,10,50,0.0,LOW,,,,,competitor:bariatriccounselingcenter.com,bariatriccounselingcenter #60,what is nutritionist and dietitian
rdn vs nutritionist,nutrition / dietitian,3.6,10,40,0.0,LOW,,,,,competitor:bariatriccounselingcenter.com,bariatriccounselingcenter #60,
registered dietitian vs certified nutritionist,nutrition / dietitian,3.6,10,40,0.0,LOW,,,,,competitor:bariatriccounselingcenter.com,bariatriccounselingcenter #58,
anorexia help center,anorexia / bulimia,3.6,10,50,14.8,HIGH,,,,,competitor:esperanzaedc.com,esperanzaedc #48,
zepbound vs mounjaro vs ozempic,glp-1 drug info,3.5,0,0,0.0,,11.0,58,,,gsc,,
how much water intake for weight loss,blog: hydration,3.5,10,50,2.28,LOW,,,,,competitor:bariatriccounselingcenter.com,bariatriccounselingcenter #53,
ozempic vs zepbound for weight loss,glp-1 drug info,3.4,0,0,0.0,,6.0,82,,,gsc,,
bariatric surgery and mental health,bariatric psych,3.4,0,0,0.0,,29.0,34,,,gsc,,
dehydration and metabolism,blog: hydration,3.4,10,40,0.04,LOW,5.0,20,,,gsc|competitor:bariatriccounselingcenter.com,bariatriccounselingcenter #7,dehydration metabolism
does dehydration reduce appetite,blog: hydration,3.4,10,10,0.0,LOW,7.0,20,,,gsc,,
how long does stomach paralysis last,blog: gastroparesis,3.4,10,30,0.0,LOW,11.0,15,,,gsc,,
mounjaro vs ozempic vs zepbound,glp-1 drug info,3.3,0,0,0.0,,9.6,79,2,,gsc,,
advance bariatric counseling,bariatric psych,3.3,0,0,0.0,,4.0,47,1,,gsc,,
does hydration help with weight loss,blog: hydration,3.3,10,110,0.0,LOW,6.2,17,,,gsc|competitor:bariatriccounselingcenter.com,bariatriccounselingcenter #27,holistic diet plan for weight loss | why is water important to weight loss | why is water important for weight loss
clinical nutrition counseling,nutrition / dietitian,3.3,10,10,0.0,LOW,82.8,11,,,gsc,,
do skinny people get dehydrated faster,blog: hydration,3.2,10,10,0.0,LOW,7.7,15,,,gsc,,
daily water intake for weight loss,blog: hydration,3.2,10,40,0.04,LOW,5.0,12,,,gsc|competitor:bariatriccounselingcenter.com,bariatriccounselingcenter #43,daily intake of water for weight loss
mounjaro ozempic wegovy,glp-1 drug info,3.2,10,50,7.01,HIGH,1.0,10,,,gsc,,
body image dysphoria,blog: sleep / stress / self-esteem,3.2,10,70,1.59,LOW,,,,,competitor:monarchbehavioral.net,monarchbehavioral #33,
ozempic vs wegovy vs mounjaro,glp-1 drug info,3.1,0,0,0.0,,6.9,74,,,gsc,,
how does hydration help with weight loss,blog: hydration,3.1,10,50,0.04,MEDIUM,8.0,10,,,gsc|competitor:bariatriccounselingcenter.com,bariatriccounselingcenter #9,
does not drinking water make you gain weight,blog: hydration,3.1,10,90,0.0,LOW,10.0,10,,,gsc,,
how much water should you drink daily to lose weight,blog: hydration,3.1,10,140,1.53,LOW,,,,,competitor:bariatriccounselingcenter.com,bariatriccounselingcenter #52,
dehydration and weight loss,blog: hydration,3.0,10,170,0.35,LOW,2.0,255,6,,gsc|competitor:bariatriccounselingcenter.com,bariatriccounselingcenter #2,weight loss and dehydration
depressed about weight,blog: sleep / stress / self-esteem,3.0,0,0,0.0,,14.8,76,,,gsc,,
bariatric nutrition counseling,bariatric psych,3.0,0,0,0.0,,29.0,30,,,gsc,,
hypnotherapy for weight loss san antonio tx,weight loss therapy,3.0,0,0,0.0,,16.5,30,,,gsc,,
moisture loss,other weight / eating,3.0,10,70,0.0,,35.5,22,,,gsc,,
bmi counseling,other weight / eating,3.0,10,30,0.0,LOW,,,,,competitor:bariatriccounselingcenter.com|competitor:findabariatrictherapist.com,bariatriccounselingcenter #86; findabariatrictherapist #45,
psychologist anorexia,anorexia / bulimia,3.0,20,170,1.2,LOW,,,,,competitor:threeoakstexas.com,threeoakstexas #33,
self sabotaging behavior examples,other weight / eating,2.9,10,110,0.0,LOW,31.0,14,,,gsc,bariatriccounselingcenter #27,
eating disorder treatment san antonio,night eating / arfid / other ED,2.8,0,0,0.0,,11.0,55,,eating-disorders,tracked|gsc,,
holistic lifestyle changes for weight loss,other weight / eating,2.8,0,0,0.0,,31.8,112,,,gsc,,
weight loss coach san antonio,weight loss therapy,2.8,0,0,0.0,,23.0,28,,,gsc,,
how much water do i need to lose weight,blog: hydration,2.8,10,50,1.31,LOW,50.0,10,,,gsc|competitor:bariatriccounselingcenter.com,bariatriccounselingcenter #51,
food addiction program,food addiction / overeating,2.7,0,0,0.0,,27.0,27,,,gsc,,
mounjaro vs wegovy vs zepbound,glp-1 drug info,2.6,0,0,0.0,,11.0,43,,,gsc,,
bariatric psych eval dallas,bariatric psych,2.6,0,0,0.0,,11.0,26,,,gsc,,
drinking water help you lose weight,blog: hydration,2.5,10,170,0.12,LOW,,,,,competitor:bariatriccounselingcenter.com,bariatriccounselingcenter #33,
loss therapy san antonio tx,other weight / eating,2.4,0,0,0.0,,12.7,48,,,gsc,,
why is water good for weight loss,blog: hydration,2.4,10,210,0.05,LOW,,,,,competitor:bariatriccounselingcenter.com,bariatriccounselingcenter #39,why drinking water is good for weight loss | why is drinking water good for weight loss
weight loss sleep schedule,blog: sleep / stress / self-esteem,2.4,10,140,0.0,LOW,,,,,competitor:bariatriccounselingcenter.com,bariatriccounselingcenter #20,how important is water in weight loss | how important is water for weight loss | does drinking more water aid weight loss | why does drinking lots of water help you lose weight
how does sleep help weight loss,blog: sleep / stress / self-esteem,2.4,10,140,0.09,LOW,,,,,competitor:bariatriccounselingcenter.com,bariatriccounselingcenter #22,how does sleep help with weight loss
how important is water to weight loss,blog: hydration,2.4,10,140,0.06,LOW,,,,,competitor:bariatriccounselingcenter.com,bariatriccounselingcenter #46,
why drinking water is important for weight loss,blog: hydration,2.4,10,140,0.04,LOW,,,,,competitor:bariatriccounselingcenter.com,bariatriccounselingcenter #39,why is drinking water important for weight loss
why is water important to lose weight,blog: hydration,2.4,10,110,0.0,LOW,,,,,competitor:bariatriccounselingcenter.com,bariatriccounselingcenter #25,
will just drinking water help you lose weight,blog: hydration,2.4,10,90,0.06,LOW,,,,,competitor:bariatriccounselingcenter.com,bariatriccounselingcenter #41,
can chronic dehydration cause weight gain,blog: hydration,2.4,10,40,0.0,LOW,,,,,competitor:bariatriccounselingcenter.com,bariatriccounselingcenter #14,
why is water so important for weight loss,blog: hydration,2.4,10,40,0.06,LOW,,,,,competitor:bariatriccounselingcenter.com,bariatriccounselingcenter #23,can drinking more water help with weight loss
can staying hydrated help you lose weight,blog: hydration,2.4,10,40,0.04,LOW,,,,,competitor:bariatriccounselingcenter.com,bariatriccounselingcenter #35,
dehydration appetite,blog: hydration,2.4,10,40,0.0,LOW,,,,,competitor:bariatriccounselingcenter.com,bariatriccounselingcenter #7,dehydration and appetite
how much water do you drink to lose weight,blog: hydration,2.4,10,40,0.02,MEDIUM,,,,,competitor:bariatriccounselingcenter.com,bariatriccounselingcenter #62,
can better sleep help you lose weight,blog: sleep / stress / self-esteem,2.4,10,30,0.02,LOW,,,,,competitor:bariatriccounselingcenter.com,bariatriccounselingcenter #24,
do you need to drink water to lose weight,blog: hydration,2.4,10,30,0.04,LOW,,,,,competitor:bariatriccounselingcenter.com,bariatriccounselingcenter #35,
does dehydration affect appetite,blog: hydration,2.4,10,30,0.0,LOW,,,,,competitor:bariatriccounselingcenter.com,bariatriccounselingcenter #9,
the body image center,blog: sleep / stress / self-esteem,2.4,10,30,0.0,LOW,,,,,competitor:esperanzaedc.com,esperanzaedc #96,
bariatric psych eval austin,bariatric psych,2.3,0,0,0.0,,11.5,23,,,gsc,,
binge eating disorder near me,binge eating,2.2,0,0,0.0,,53.8,45,,,gsc,,
wegovy vs zepbound vs mounjaro,glp-1 drug info,2.2,0,0,0.0,,10.8,36,,,gsc,,
holistic ways to lose weight,other weight / eating,2.1,10,90,3.68,HIGH,1.0,23,,,gsc|competitor:bariatriccounselingcenter.com,bariatriccounselingcenter #69,holistic way to lose weight
wegovy vs zepbound vs ozempic vs mounjaro,glp-1 drug info,2.1,0,0,0.0,,3.5,51,2,,gsc,,
is zepbound the same as ozempic or mounjaro,glp-1 drug info,2.1,0,0,0.0,,10.0,51,,,gsc,,
ozempic vs mounjaro vs zepbound,glp-1 drug info,2.1,0,0,0.0,,9.0,49,,,gsc,,
eating disorders therapy san antonio,night eating / arfid / other ED,2.1,0,0,0.0,,11.0,42,,,gsc,,
difference between ozempic wegovy mounjaro zepbound,glp-1 drug info,2.1,0,0,0.0,,10.2,35,,,gsc,,
food addiction therapy,food addiction / overeating,2.0,0,0,0.0,,30.0,20,,overeaters,tracked|gsc,,
binge eating disorder treatment texas,binge eating,2.0,0,0,0.0,,22.0,20,,,seed|gsc,,
weight management hypnosis san antonio tx,other weight / eating,2.0,0,0,0.0,,13.6,40,,,gsc,,
bcc counseling,other weight / eating,2.0,10,320,3.41,LOW,1.0,20,,,gsc,,
gastric paralysis,bariatric psych,2.0,0,0,0.0,,12.5,20,,,gsc,,
dietician or nutritionist for weight loss,nutrition / dietitian,2.0,10,20,1.86,MEDIUM,1.0,19,,,gsc,,
common and serious side effects of ozempic wegovy mounjaro zepbound,glp-1 drug info,1.9,0,0,0.0,,4.5,45,,,gsc,,
binge eating counseling near me,binge eating,1.9,0,0,0.0,,29.0,19,,,gsc,,
bariatric therapist,bariatric psych,1.8,0,0,0.0,,1.0,88,,bariatric,tracked|seed|gsc,,
nutritional support therapy san antonio,other weight / eating,1.8,0,0,0.0,,6.3,51,,,gsc,,
wegovy vs ozempic vs mounjaro vs zepbound,glp-1 drug info,1.8,0,0,0.0,,7.5,42,,,gsc,,
does staying hydrated help you lose weight,blog: hydration,1.8,20,210,0.05,LOW,1.0,27,,,gsc,,
bariatric surgery san antonio tx,bariatric psych,1.8,0,0,0.0,,28.0,18,,,gsc,,
bariatric psych eval houston,bariatric psych,1.8,0,0,0.0,,12.5,18,,,gsc,,
bariatric surgery counseling,bariatric psych,1.7,0,0,0.0,,1.0,87,2,bariatric,tracked|gsc,,
bariatric psych eval san antonio,bariatric psych,1.7,0,0,0.0,,1.5,86,,,gsc,,
low self esteem after weight loss,blog: sleep / stress / self-esteem,1.7,0,0,0.0,,4.4,59,,,gsc,,
post weight loss self esteem,blog: sleep / stress / self-esteem,1.7,0,0,0.0,,10.6,42,,,gsc,,
binge eating therapist near me,binge eating,1.7,0,0,0.0,,30.5,34,,,gsc,,
certified bariatric counselor albany ny,bariatric psych,1.7,0,0,0.0,,40.0,34,,,gsc,,
alternatives to mounjaro for weight loss wegovy zepbound ozempic,glp-1 drug info,1.7,0,0,0.0,,27.8,29,,,gsc,,
ozempic zepbound wegovy,glp-1 drug info,1.7,0,0,0.0,,10.8,28,,,gsc,,
dehydration and weight gain,blog: hydration,1.7,20,260,0.0,LOW,2.0,16,,,gsc,,dehydration weight gain
dehydration cause weight loss,blog: hydration,1.6,10,20,0.0,LOW,1.5,104,2,,gsc,,does dehydration affect weight loss | does dehydration prevent weight loss | can not drinking enough water cause weight loss | can not drinking enough water stall weight loss | dehydration causes weight loss | how does hydration affect weight loss | does hydration affect weight loss | does drinking less water cause weight loss | anxiety and depression weight loss | weight loss confidence | is hydration important for weight loss | anxiety depression weight loss
can dehydration prevent weight loss,blog: hydration,1.6,10,20,0.84,LOW,1.0,76,4,,gsc,,
the holistic weight loss method and why it works,other weight / eating,1.6,0,0,0.0,,33.7,66,,,gsc,,
behavior reduction therapy san antonio tx,other weight / eating,1.6,0,0,0.0,,46.7,66,,,gsc,,
low self esteem low weight loss,blog: sleep / stress / self-esteem,1.6,0,0,0.0,,6.7,57,,,gsc,,
cdc sleep appetite weight management,blog: sleep / stress / self-esteem,1.6,0,0,0.0,,8.6,57,,,gsc,,
ozempic vs wegovy vs zepbound,glp-1 drug info,1.6,0,0,0.0,,3.4,38,,,gsc,,
eating disorder therapist near me,night eating / arfid / other ED,1.6,0,0,0.0,,19.0,32,,,gsc,,
weight loss counseling services,weight loss therapy,1.6,0,0,0.0,,19.0,16,,,gsc,,
food addiction consultation,food addiction / overeating,1.6,0,0,0.0,,12.0,16,,,gsc,,
does being dehydrated make you lose weight,blog: hydration,1.5,10,30,0.0,LOW,1.0,83,1,,gsc|competitor:bariatriccounselingcenter.com,bariatriccounselingcenter #3,how much weight can you lose from dehydration | does drinking less water cause weight gain | do you gain weight when dehydrated
how does weight loss increase self esteem,blog: sleep / stress / self-esteem,1.5,0,0,0.0,,9.3,52,,,gsc,,
common side effects ozempic wegovy mounjaro zepbound,glp-1 drug info,1.5,0,0,0.0,,5.5,35,,,gsc,,
does dehydration cause weight gain or loss,blog: hydration,1.4,10,40,0.0,LOW,1.0,76,,,gsc|competitor:bariatriccounselingcenter.com,bariatriccounselingcenter #8,does water intake affect weight loss | does staying hydrated help with weight loss | weight loss thirst | weight loss thirsty | can nutritionist help with weight loss | can drinking water everyday help you lose weight
how does dehydration affect weight loss,blog: hydration,1.4,10,20,0.28,LOW,1.0,60,1,,gsc,,
makan marah artinya,other weight / eating,1.4,0,10,0.0,,6.0,40,,,gsc,,
improve self-esteem after gaining weight,blog: sleep / stress / self-esteem,1.4,0,0,0.0,,11.7,36,,,gsc,,
can dehydration cause you to lose weight,blog: hydration,1.4,10,20,1.45,,1.0,35,,,gsc,,
weight loss improves mental health,weight loss therapy,1.4,0,0,0.0,,59.3,27,,,gsc,,
weight loss surgery mental health,weight loss therapy,1.4,0,0,0.0,,49.0,27,,,gsc,,
bariatric assessment texas,bariatric psych,1.4,0,0,0.0,,11.0,14,,,gsc,,
bariatric psychological evaluation arlington,bariatric psych,1.4,0,0,0.0,,24.0,14,,,gsc,,
can being dehydrated make you lose weight,blog: hydration,1.3,10,20,0.0,LOW,1.0,67,,,gsc,,can being dehydrated make you not hungry | does dehydration make you fat | does being dehydrated cause weight gain
intuitive eating mcallen tx,nutrition / dietitian,1.3,0,0,0.0,,1.5,107,,,gsc,,
does dehydration slow metabolism,blog: hydration,1.3,10,20,0.0,,2.5,60,1,,gsc,,
do you weigh less when dehydrated,blog: hydration,1.3,10,20,0.0,LOW,1.0,57,,,gsc,,do you lose weight when dehydrated | dehydration and weight
cdc sleep weight management hunger cravings,blog: sleep / stress / self-esteem,1.3,0,0,0.0,,7.0,47,,,gsc,,
depression anxiety and overweight,blog: sleep / stress / self-esteem,1.3,0,0,0.0,,20.0,33,,,gsc,,
zepbound vs mounjaro vs wegovy,glp-1 drug info,1.3,0,0,0.0,,9.5,32,,,gsc,,
mounjaro zepbound vs ozempic wegovy differences,glp-1 drug info,1.3,0,0,0.0,,6.5,30,,,gsc,,
food addiction counseling,food addiction / overeating,1.3,0,0,0.0,,9.0,19,1,,gsc,,
bariatric surgery psychologist worcester ma,bariatric psych,1.3,0,0,0.0,,12.0,13,,,gsc,,
does not drinking water make you lose weight,blog: hydration,1.2,10,30,0.0,LOW,2.0,45,1,,gsc,,can dehydration make you not hungry
dehydration for weight loss,blog: hydration,1.2,10,70,0.36,LOW,1.0,38,,,gsc|competitor:bariatriccounselingcenter.com,bariatriccounselingcenter #1,weight loss dehydration | dehydration lose weight | dehydration losing weight | losing weight dehydration
does dehydration slow down metabolism,blog: hydration,1.2,10,10,0.0,,3.0,51,,,gsc,,
night eating disorder treatment,night eating / arfid / other ED,1.2,0,0,0.0,,50.3,50,,,gsc,,
can you lose weight without drinking water,blog: hydration,1.2,10,30,0.0,LOW,1.0,45,,,gsc|competitor:bariatriccounselingcenter.com,bariatriccounselingcenter #13,
improve self-esteem after weight gain,blog: sleep / stress / self-esteem,1.2,0,0,0.0,,9.0,44,,,gsc,,
ozempic vs zepbound vs mounjaro,glp-1 drug info,1.2,0,0,0.0,,8.3,28,1,,gsc,,
psychologist bariatric surgery,bariatric psych,1.2,0,0,0.0,,15.0,12,,,gsc,,
bariatric psych eval el paso,bariatric psych,1.2,0,0,0.0,,11.5,12,,,gsc,,
bariatric psych eval,bariatric psych,1.2,0,0,0.0,,19.0,12,,,gsc,,
does being dehydrated make you weigh less,blog: hydration,1.1,10,10,0.0,LOW,1.0,36,,,gsc,,can you lose weight from dehydration | does chronic dehydration cause weight gain | does dehydration increase weight
bariatric counselor,bariatric psych,1.1,0,0,0.0,,3.0,57,,,gsc,,
mounjaro zepbound vs ozempic wegovy comparison,glp-1 drug info,1.1,0,0,0.0,,6.7,27,,,gsc,,
difference between zepbound and mounjaro and wegovy,glp-1 drug info,1.1,0,0,0.0,,6.5,27,,,gsc,,
wegovy zepbound or ozempic,glp-1 drug info,1.1,0,0,0.0,,10.0,26,,,gsc,,
wegovy ozempic zepbound,glp-1 drug info,1.1,0,0,0.0,,8.1,25,,,gsc,,
zepbound vs mounjaro vs wegovy comparison,glp-1 drug info,1.1,0,0,0.0,,8.0,25,,,gsc,,
food addiction rehab,food addiction / overeating,1.1,0,0,0.0,,49.3,21,,,gsc,,
binge eating support near me,binge eating,1.1,0,10,0.0,,25.0,11,,,gsc,,
does not drinking water help you lose weight,blog: hydration,1.0,10,10,0.0,,1.0,23,,,gsc,,how to lose weight holistically | if i stop drinking water will i lose weight | can you lose weight if you don't drink enough water
weight loss counseling or therapy,weight loss therapy,1.0,0,0,0.0,,2.0,52,,,gsc,,
self sabotaging behavior in mount pleasant wi,other weight / eating,1.0,0,0,0.0,,7.3,29,,,gsc,,
overweight and feeling depressed,blog: sleep / stress / self-esteem,1.0,0,0,0.0,,15.7,26,,,gsc,,
wegovy vs mounjaro vs zepbound,glp-1 drug info,1.0,0,0,0.0,,9.6,24,,,gsc,,
does being dehydrated make you gain weight,blog: hydration,1.0,10,170,0.04,LOW,1.5,23,,,gsc,,
ozempic vs wegovy vs mounjaro vs zepbound for weight loss,glp-1 drug info,1.0,0,0,0.0,,4.8,23,,,gsc,,
does dehydration make you not hungry,blog: hydration,1.0,10,20,0.06,LOW,1.0,23,,,gsc,,
does dehydration burn fat,blog: hydration,1.0,10,10,0.0,LOW,1.0,20,,,gsc,,
bariatric psych eval cost,bariatric psych,1.0,0,0,0.0,,6.5,15,,,gsc,,
bariatric psych evaluation near me,bariatric psych,1.0,0,0,0.0,,10.0,15,,,gsc,,
how much does bariatric psych eval cost,bariatric psych,1.0,0,0,0.0,,6.5,14,,,gsc,,
bariatric evaluations holland,bariatric psych,1.0,0,0,0.0,,18.5,10,,,gsc,,
best time to sleep and wake up for weight loss,blog: sleep / stress / self-esteem,0.9,10,50,0.03,LOW,1.0,10,,,gsc|competitor:bariatriccounselingcenter.com,bariatriccounselingcenter #26,does water intake help with weight loss
mounjaro vs ozempic vs wegovy vs zepbound,glp-1 drug info,0.9,0,0,0.0,,1.0,78,1,,gsc,,
anxiety overweight humanistic approach,blog: sleep / stress / self-esteem,0.9,0,0,0.0,,71.3,46,,,gsc,,
strategies for improving self confidence in obesity,other weight / eating,0.9,0,0,0.0,,32.3,37,,,gsc,,
ozempic wegovy zepbound,glp-1 drug info,0.9,0,0,0.0,,9.0,21,1,,gsc,,
j the weight of sadness,other weight / eating,0.9,0,0,0.0,,10.6,19,,,gsc,,
emotional eating therapy near me,emotional eating,0.9,0,0,0.0,,46.0,19,,,gsc,,
digestive tract paralysis awareness,other weight / eating,0.9,0,0,0.0,,25.8,19,,,gsc,,
emotional eating therapist,emotional eating,0.9,0,0,0.0,,57.3,18,,,gsc,,
does being hydrated help you lose weight,blog: hydration,0.9,10,90,0.0,LOW,1.0,14,,,gsc,,
does drinking enough water help you lose weight,blog: hydration,0.9,10,90,0.19,LOW,1.0,14,,,gsc,,
how does water affect weight loss,blog: hydration,0.9,10,30,0.06,MEDIUM,1.0,14,,,gsc,,
weight loss from dehydration,blog: hydration,0.9,10,70,0.04,LOW,3.0,13,,,gsc|competitor:bariatriccounselingcenter.com,bariatriccounselingcenter #2,is water important for weight loss
gastric bypass psych eval texas,bariatric psych,0.9,0,0,0.0,,5.0,13,,,gsc,,
does dehydration make you less hungry,blog: hydration,0.9,10,10,0.0,LOW,1.0,12,,,gsc,,
how does water intake affect weight loss,blog: hydration,0.9,10,40,0.07,LOW,1.0,11,,,gsc|competitor:bariatriccounselingcenter.com,bariatriccounselingcenter #30,
zepbound vs wegovy vs ozempic,glp-1 drug info,0.8,0,0,0.0,,1.0,67,1,,gsc,,
weight loss surgery san antonio,other weight / eating,0.8,0,0,0.0,,34.0,30,,,gsc,,
weight loss self esteem issues,blog: sleep / stress / self-esteem,0.8,0,0,0.0,,5.4,28,,,gsc,,
an accountant on a weight-loss program has a rash poor sleep best next step,blog: sleep / stress / self-esteem,0.8,0,0,0.0,,5.0,27,,,gsc,,
mounjaro vs zepbound vs wegovy,glp-1 drug info,0.8,0,0,0.0,,7.0,20,,,gsc,,
mounjaro vs ozempic vs zepbound vs wegovy,glp-1 drug info,0.8,0,0,0.0,,9.3,19,,,gsc,,
overweight and depression treatment,blog: sleep / stress / self-esteem,0.8,0,0,0.0,,22.2,19,,,gsc,,
zepbound vs other weight loss drugs,glp-1 drug info,0.8,0,0,0.0,,9.8,18,,,gsc,,
emotional support after weight loss,other weight / eating,0.8,0,0,0.0,,28.5,16,,,gsc,,
obesity and weight loss counseling,weight loss therapy,0.8,0,0,0.0,,55.8,16,,,gsc,,
food addiction help,food addiction / overeating,0.8,0,0,0.0,,34.5,15,,,gsc,,
bariatric diet counseling ga,bariatric psych,0.8,0,10,0.0,,9.5,11,,,gsc,,
weight management counseling,weight loss therapy,0.7,0,0,0.0,,3.0,37,,,gsc,,
holistic weight loss benefits,other weight / eating,0.7,0,0,0.0,,35.0,29,,,gsc,,
cdc sleep weight management hunger,blog: sleep / stress / self-esteem,0.7,0,0,0.0,,7.0,26,,,gsc,,
cdc sleep hunger cravings weight management,blog: sleep / stress / self-esteem,0.7,0,0,0.0,,5.7,25,,,gsc,,
ozempic vs wegovy vs zepbound vs mounjaro,glp-1 drug info,0.7,0,0,0.0,,8.0,17,,,gsc,,
can obesity cause depression or low self-esteem,blog: sleep / stress / self-esteem,0.7,0,0,0.0,,11.5,17,,,gsc,,
is zepbound ozempic or mounjaro,glp-1 drug info,0.7,0,0,0.0,,5.5,16,,,gsc,,
nutrition specialist san antonio,other weight / eating,0.7,0,0,0.0,,29.0,14,,,gsc,,
binge eating therapists near me,binge eating,0.7,0,0,0.0,,76.0,14,,,gsc,,
self-sabotaging behavior patterns,other weight / eating,0.7,0,10,0.0,,22.7,14,,,gsc,,
binge eating recovery meal plan,binge eating,0.7,0,0,0.0,,87.7,14,,,gsc,,
emotional eating disorder,emotional eating,0.7,0,0,0.0,,34.0,13,,,gsc,,
weight loss for mental health,weight loss therapy,0.7,0,0,0.0,,47.0,13,,,gsc,,
binge eating help near me,binge eating,0.7,0,0,0.0,,60.0,13,,,gsc,,
nutritional counseling for cancer patients 78233,nutrition / dietitian,0.7,0,0,0.0,,15.0,12,,,gsc,,
is wegovy ozempic or zepbound better,glp-1 drug info,0.7,0,0,0.0,,10.4,11,,,gsc,,
bariatric psych eval fort worth,bariatric psych,0.7,0,0,0.0,,10.0,10,,,gsc,,
bariatric surgery counseling san antonio,bariatric psych,0.6,0,0,0.0,,1.0,28,,bariatric,tracked|gsc,,
weight loss counseling san antonio,weight loss therapy,0.6,0,0,0.0,,2.0,32,,weight-loss,tracked|gsc,,
zepbound vs wegovy vs ozempic vs mounjaro,glp-1 drug info,0.6,0,0,0.0,,1.0,48,1,,gsc,,
anxiety and weight loss,blog: sleep / stress / self-esteem,0.6,0,0,0.0,,38.4,29,,,gsc,,
weight affecting my confidence,other weight / eating,0.6,0,0,0.0,,7.5,18,,,gsc,,
zepbound vs ozempic vs mounjaro,glp-1 drug info,0.6,0,0,0.0,,9.0,15,,,gsc,,
which is best between ozempic mounjaro and zepbound,glp-1 drug info,0.6,0,0,0.0,,10.0,15,,,gsc,,
ozempic wegovy mounjaro zepbound differences,glp-1 drug info,0.6,0,0,0.0,,9.2,14,,,gsc,,
zepbound vs wegovy vs mounjaro,glp-1 drug info,0.6,0,0,0.0,,9.6,14,,,gsc,,
wegovy vs zepbound vs ozempic,glp-1 drug info,0.6,0,0,0.0,,10.0,14,,,gsc,,
common side effects wegovy ozempic mounjaro zepbound,glp-1 drug info,0.6,0,0,0.0,,7.5,14,,,gsc,,
obesity and anxiety and depression,blog: sleep / stress / self-esteem,0.6,0,10,0.0,,17.8,14,,,gsc,,
best bariatric surgeons near me,bariatric psych,0.6,0,0,0.0,,41.3,12,,,gsc,,
fitness and dieting alternative medicine holistic,other weight / eating,0.6,0,0,0.0,,18.3,12,,,gsc,,
bariatric dietitian,bariatric psych,0.6,0,0,0.0,,35.0,12,,,gsc,,
food addiction services,food addiction / overeating,0.6,0,0,0.0,,46.0,12,,,gsc,,
night eating syndrome counseling,night eating / arfid / other ED,0.6,0,0,0.0,,13.0,11,,,gsc,,
self sabotaging in mount pleasant wi,other weight / eating,0.6,0,0,0.0,,14.1,11,,,gsc,,
ozempic vs mounjaro vs zepbound weight loss effectiveness and differences,glp-1 drug info,0.6,0,0,0.0,,14.0,10,,,gsc,,
emotional eating therapy san antonio,emotional eating,0.5,0,0,0.0,,3.0,27,,eating-disorders,tracked|gsc,,
ozempic wegovy mounjaro zepbound,glp-1 drug info,0.5,0,0,0.0,,1.0,42,,,gsc,,
holistic weight loss options,other weight / eating,0.5,0,0,0.0,,39.0,20,,,gsc,,
im 190lbs should i do ozenpic zebound or wegroovy,other weight / eating,0.5,0,0,0.0,,7.0,15,,,gsc,,
mounjaro vs ozempic vs wegovy,glp-1 drug info,0.5,0,0,0.0,,9.0,13,,,gsc,,
ozempic vs zepbound vs wegovy vs mounjaro,glp-1 drug info,0.5,0,0,0.0,,5.0,12,,,gsc,,
is zepbound like ozempic or mounjaro,glp-1 drug info,0.5,0,0,0.0,,5.0,11,,,gsc,,
evaluate ozempic on ozempic vs competitors,glp-1 drug info,0.5,0,0,0.0,,5.5,11,,,gsc,,
holistic health weight,other weight / eating,0.5,0,0,0.0,,18.5,10,,,gsc,,
bariatric counseling san antonio,bariatric psych,0.4,0,0,0.0,,1.0,22,,bariatric,tracked|gsc,,
weight management therapist san antonio,weight loss therapy,0.4,0,0,0.0,,3.0,22,,weight-loss,tracked|gsc,,
how can i improve sleep while working toward weight loss goals,blog: sleep / stress / self-esteem,0.4,0,0,0.0,,1.9,48,,,gsc,,
cdc sleep hunger weight management,blog: sleep / stress / self-esteem,0.4,0,0,0.0,,7.7,16,,,gsc,,
mindfulness weight loss program,other weight / eating,0.4,0,10,0.0,,43.0,15,,,gsc,,
cleveland clinic dehydration weight loss temporary,blog: hydration,0.4,0,0,0.0,,8.5,15,,,gsc,,
does being dehydrated make you less hungry,blog: hydration,0.4,0,0,0.0,,4.7,15,2,,gsc,,
cdc sleep weight management appetite,blog: sleep / stress / self-esteem,0.4,0,0,0.0,,10.0,13,,,gsc,,
cdc sleep appetite cravings weight management,blog: sleep / stress / self-esteem,0.4,0,0,0.0,,6.0,13,,,gsc,,
nutritional counseling for cancer patients san antonio tx,nutrition / dietitian,0.4,0,0,0.0,,35.7,12,,,gsc,,
zepbound vs wegovy mounjaro,glp-1 drug info,0.4,0,0,0.0,,9.5,10,,,gsc,,
ozempic wegovy mounjaro,glp-1 drug info,0.4,0,0,0.0,,10.0,10,,,gsc,,
ozempic vs mounjaro vs zepbound vs wegovy,glp-1 drug info,0.4,0,0,0.0,,6.5,10,,,gsc,,
weight loss and low self esteem,blog: sleep / stress / self-esteem,0.3,0,0,0.0,,2.6,35,,,gsc,,
how do hydration trackers support weight loss goals,blog: hydration,0.3,0,0,0.0,,2.0,32,,,gsc,,
ozempic wegovy mounjaro zepbound comparison,glp-1 drug info,0.3,0,0,0.0,,1.0,26,,,gsc,,
overweight anxiety depression,blog: sleep / stress / self-esteem,0.3,0,0,0.0,,31.0,16,,,gsc,,
if food cravings are still a problem what other approaches can help,blog: sleep / stress / self-esteem,0.3,0,0,0.0,,63.5,13,,,gsc,,
cdc sleep hunger cravings weight loss,blog: sleep / stress / self-esteem,0.3,0,0,0.0,,6.0,12,,,gsc,,
gambling addiction therapists san antonio,other weight / eating,0.3,0,0,0.0,,41.0,11,,,gsc,,
cdc sleep and weight management hunger,blog: sleep / stress / self-esteem,0.3,0,0,0.0,,10.0,11,,,gsc,,
is being thirsty a sign of fat loss,other weight / eating,0.3,0,10,0.0,,5.0,10,,,gsc,,
nhs dehydration weight loss temporary,blog: hydration,0.3,0,0,0.0,,9.5,10,,,gsc,,
confidence with weicht loss,other weight / eating,0.3,0,0,0.0,,6.0,10,,,gsc,,
does dehydration hinder weight loss,blog: hydration,0.2,0,0,0.0,,1.0,29,,,gsc,,
ozempic vs mounjaro vs wegovy vs zepbound,glp-1 drug info,0.2,0,0,0.0,,1.0,20,,,gsc,,
feeling depressed about my weight,blog: sleep / stress / self-esteem,0.2,0,0,0.0,,1.0,19,,,gsc,,
difference between nutritionist and dietitian usa,nutrition / dietitian,0.2,0,0,0.0,,1.0,19,,,gsc,,
how do hydration trackers support weight loss and energy levels,blog: hydration,0.2,0,0,0.0,,2.0,19,,,gsc,,
mounjaro vs wegovy vs ozempic vs zepbound,glp-1 drug info,0.2,0,0,0.0,,1.0,17,,,gsc,,
how does ozempic compare to zepbound for weight management in non-diabetics,glp-1 drug info,0.2,0,0,0.0,,2.0,17,,,gsc,,
mounjaro vs zepbound vs ozempic vs wegovy,glp-1 drug info,0.2,0,0,0.0,,1.0,15,,,gsc,,
mounjaro vs zepbound vs wegovy vs ozempic,glp-1 drug info,0.2,0,0,0.0,,1.0,15,,,gsc,,
ozempic mounjaro wegovy zepbound,glp-1 drug info,0.2,0,0,0.0,,1.0,13,,,gsc,,
como se compara wegovy con otros medicamentos aprobados para bajar de peso,glp-1 drug info,0.2,0,0,0.0,,2.0,13,,,gsc,,
bariatric psychologist near me,bariatric psych,0.2,0,0,0.0,,3.0,10,,,gsc,,
how-to-lose-weight-in-a-toxic-world,other weight / eating,0.2,0,0,0.0,,31.0,10,,,gsc,,
men's cbt therapist in san antonio tx,other weight / eating,0.2,0,0,0.0,,69.2,10,,,gsc,,
bariatric psych eval lubbock,bariatric psych,0.2,0,0,0.0,,2.0,10,,,gsc,,
can you lose weight by not drinking enough water,blog: hydration,0.1,0,0,0.0,,2.5,17,,,gsc,,
does not drinking enough water prevent weight loss,blog: hydration,0.1,0,0,0.0,,1.0,16,,,gsc,,
difference between wegovy and ozempic and zepbound,glp-1 drug info,0.1,0,0,0.0,,1.0,12,,,gsc,,
mounjaro ozempic wegovy zepbound what's the difference,glp-1 drug info,0.1,0,0,0.0,,1.0,11,,,gsc,,
ozempic wegovy mounjaro and zepbound,glp-1 drug info,0.1,0,0,0.0,,1.0,11,,,gsc,,
does dehydration make it harder to lose weight,blog: hydration,0.1,0,0,0.0,,1.5,10,,,gsc,,
d shydratation et perte de poids,blog: hydration,0.1,0,0,0.0,,2.0,10,1,,gsc,,
risks of rapid water weight loss dehydration,blog: hydration,0.1,0,0,0.0,,2.7,10,,,gsc,,
bariatric therapist san antonio,bariatric psych,0.0,0,0,0.0,,,,,bariatric,tracked,,
bariatric therapy,bariatric psych,0.0,0,0,0.0,,,,,bariatric,tracked,,
bariatric surgery psychological evaluation san antonio,bariatric psych,0.0,0,0,0.0,,,,,bariatric,tracked,,
weight management after bariatric surgery,bariatric psych,0.0,0,0,0.0,,,,,bariatric,tracked,,
eating disorders san antonio,night eating / arfid / other ED,0.0,0,0,0.0,,,,,eating-disorders,tracked,,
binge eating san antonio,binge eating,0.0,0,0,0.0,,,,,eating-disorders,tracked,,
binge eating treatment san antonio,binge eating,0.0,0,0,0.0,,,,,eating-disorders,tracked,,
eating disorder iop san antonio,night eating / arfid / other ED,0.0,0,0,0.0,,,,,eating-disorders,tracked,,
compulsive overeating san antonio,food addiction / overeating,0.0,0,0,0.0,,,,,eating-disorders,tracked,,
food addiction san antonio,food addiction / overeating,0.0,0,0,0.0,,,,,overeaters,tracked,,
food addiction treatment san antonio,food addiction / overeating,0.0,0,0,0.0,,,,,overeaters,tracked,,
binge eating,binge eating,0.0,0,0,0.0,,,,,overeaters,tracked,,
obesity counseling san antonio,weight loss therapy,0.0,0,0,0.0,,,,,weight-loss,tracked,,
therapy for depression and weight san antonio,weight loss therapy,0.0,0,0,0.0,,,,,weight-loss,tracked,,
glp-1 behavioral support san antonio,glp-1 behavioral,0.0,0,0,0.0,,,,,weight-loss,tracked,,
semaglutide behavioral support san antonio,glp-1 behavioral,0.0,0,0,0.0,,,,,weight-loss,tracked,,
binge eating therapy,binge eating,0.0,0,0,0.0,,,,,,seed,,
food addiction therapist,food addiction / overeating,0.0,0,0,0.0,,,,,,seed,,
emotional eating therapy,emotional eating,0.0,0,0,0.0,,,,,,seed,,
glp-1 behavioral support,glp-1 behavioral,0.0,0,0,0.0,,,,,,seed,,
ozempic therapy support,glp-1 behavioral,0.0,0,0,0.0,,,,,,seed,,
eating disorder telehealth texas,night eating / arfid / other ED,0.0,0,0,0.0,,,,,,seed,,
night eating syndrome treatment,night eating / arfid / other ED,0.0,0,0,0.0,,,,,,seed,,
arfid treatment adults,night eating / arfid / other ED,0.0,0,0,0.0,,,,,,seed,,
weight management psychologist,weight loss therapy,0.0,0,0,0.0,,,,,,seed,,
eating disorder dietitian,night eating / arfid / other ED,0.0,0,0,0.0,,,,,,seed,,
binge eating treatment,binge eating,0.0,0,0,0.0,,,,,,seed,,
food addiction,food addiction / overeating,0.0,0,0,0.0,,,,,,seed,,
overeating therapy,food addiction / overeating,0.0,0,0,0.0,,,,,,seed,,
eating disorder treatment texas,night eating / arfid / other ED,0.0,0,0,0.0,,,,,,seed,,
bariatric counseling center,competitor brand / navigational,0.0,0,0,0.0,,1.6,437,51,,gsc,,
bariatric counseling center of san antonio,competitor brand / navigational,0.0,0,0,0.0,,1.0,34,4,,gsc,,
texas bariatric psychiatrist referral,competitor brand / navigational,0.0,0,0,0.0,,5.0,25,,,gsc,,
bariatric counseling center san antonio,competitor brand / navigational,0.0,0,0,0.0,,1.0,24,3,,gsc,,
eating recovery center san antonio,competitor brand / navigational,0.0,0,0,0.0,,18.0,19,,,gsc,,
9618 huebner road,competitor brand / navigational,0.0,390,390,0.0,LOW,9.5,14,,,gsc,,9618 huebner rd
sage bariatric institute huebner road san antonio tx,competitor brand / navigational,0.0,40,40,0.0,LOW,,,,,competitor:bariatriccounselingcenter.com,bariatriccounselingcenter #22,
strength training weight loss,off-topic,0.0,2400,27100,0.63,LOW,,,,,competitor:sagebariatric.com,sagebariatric #17,lose weight by strength training | strength exercise to lose weight | strength exercise for weight loss | strength training and weight loss | lose weight with strength training | losing weight by strength training | resistance training to lose weight | strength exercises for weight loss | resistance training and weight loss | resistance training for weight loss | strength training and losing weight | losing weight with strength training
nutrition rotisserie chicken,off-topic,0.0,1300,14800,0.3,LOW,,,,,competitor:sagebariatric.com,sagebariatric #4,rotisserie chicken nutrition | rotisserie chicken nutritional value | nutrition information rotisserie chicken | rotisserie chicken nutrition information
strength training for fat loss,off-topic,0.0,1000,12100,0.1,LOW,,,,,competitor:sagebariatric.com,sagebariatric #26,
strength training to lose fat,off-topic,0.0,260,2900,0.15,LOW,,,,,competitor:sagebariatric.com,sagebariatric #74,
sage bariatric,competitor brand / navigational,0.0,1600,1600,10.55,LOW,,,,,competitor:sagebariatric.com,sagebariatric #1,sage bariatrics
strength training program for weight loss,off-topic,0.0,70,880,7.22,LOW,,,,,competitor:sagebariatric.com,sagebariatric #55,
strength training to lose belly fat,off-topic,0.0,70,720,0.46,LOW,,,,,competitor:sagebariatric.com,sagebariatric #29,
texas bariatrics,competitor brand / navigational,0.0,590,720,5.01,LOW,,,,,competitor:sagebariatric.com,sagebariatric #38,
ultimate bariatrics,competitor brand / navigational,0.0,720,720,4.23,LOW,,,,,competitor:sagebariatric.com,sagebariatric #52,
is rotisserie chicken good for weight loss,off-topic,0.0,40,480,0.03,LOW,,,,,competitor:sagebariatric.com,sagebariatric #4,
lonestar bariatrics,competitor brand / navigational,0.0,320,390,3.66,LOW,,,,,competitor:sagebariatric.com,sagebariatric #34,
strength training exercises for weight loss,off-topic,0.0,40,390,0.06,LOW,,,,,competitor:sagebariatric.com,sagebariatric #36,
best resistance training for weight loss,off-topic,0.0,20,260,14.81,LOW,,,,,competitor:sagebariatric.com,sagebariatric #31,
