url,status,final_url,in_sitemap,title,title_len,meta_len,h1_count,words,noindex,canonical,images_no_alt,internal_links,schema,resp_s
https://www.bariatriccounselingcenter.com/,200,,True,Emotional & Binge Eating Therapy San Antonio TX | BCC,53,150,1,1649,True,,0,44,Answer|FAQPage|ImageObject|Place|PostalAddress|Question|SearchAction|VideoObject|WebPage|WebSite,0.48
https://www.bariatriccounselingcenter.com/blog/,200,,True,Blog | Bariatric Counseling Center | Specialized Weight Loss Support,68,0,1,857,True,,0,59,BreadcrumbList|CollectionPage|ImageObject|ListItem|LocalBusiness|Place|PostalAddress|WebSite,0.43
https://www.bariatriccounselingcenter.com/self-improvement/mental-health/how-adhd-impacts-eating-habits-and-weight-management/,200,,True,How ADHD Impacts Eating Habits & Weight | BCC,45,151,1,2662,True,,0,85,Answer|BreadcrumbList|FAQPage|ImageObject|ListItem|NewsArticle|Person|Place|PostalAddress|Question|WebPage|WebSite,0.45
https://www.bariatriccounselingcenter.com/self-improvement/mental-health/preparing-for-bariatric-surgery-a-mental-health-checklist/,200,,True,Preparing For Bariatric Surgery: Mental Health Checklist | BCC,62,157,1,2655,True,,0,78,Answer|BreadcrumbList|FAQPage|ImageObject|ListItem|NewsArticle|Person|Place|PostalAddress|Question|VideoObject|WebPage|WebSite,0.42
https://www.bariatriccounselingcenter.com/eating-disorders/emotional-eating-vs-disordered-eating-how-do-you-know-the-difference/,200,,True,Emotional Eating Vs. Disordered Eating: How To Tell | BCC,57,158,1,2050,True,,0,66,Answer|BreadcrumbList|FAQPage|ImageObject|ListItem|NewsArticle|Person|Place|PostalAddress|Question|WebPage|WebSite,0.43
https://www.bariatriccounselingcenter.com/self-improvement/mental-health/coping-with-emotional-eating-building-an-emotional-first-aid-kit/,200,,True,Coping With Emotional Eating: Build A First-Aid Kit | BCC,57,144,1,1984,True,,0,75,Answer|BreadcrumbList|FAQPage|ImageObject|ListItem|NewsArticle|Person|Place|PostalAddress|Question|WebPage|WebSite,0.41
https://www.bariatriccounselingcenter.com/eating-disorders/binge-eating-disorder-the-symptoms-causes-and-effective-treatment-options/,200,,True,"Binge Eating Disorder: Symptoms, Causes & Treatment | BCC",57,153,1,2499,True,,0,83,Answer|BreadcrumbList|FAQPage|ImageObject|ListItem|NewsArticle|Person|Place|PostalAddress|Question|VideoObject|WebPage|WebSite,0.43
https://www.bariatriccounselingcenter.com/healthy-living-2/why-hydration-is-essential-for-weight-loss-and-management/,200,,True,Can Dehydration Cause Weight Loss? What The Scale Really Shows,62,171,1,1974,True,,0,77,Answer|BreadcrumbList|FAQPage|ImageObject|ListItem|MedicalOrganization|NewsArticle|Person|Place|PostalAddress|Question|WebPage|WebSite,0.42
https://www.bariatriccounselingcenter.com/self-improvement/weight-loss-journey-self-improvement/pre-bariatric-surgery-binge-eating-screening/,200,,True,Pre-Bariatric Surgery And Binge Eating Screening: Why Surgeons Want It Caught Before The OR | Bariatric Counseling Center | Specialized Weight Loss Support,155,142,1,1710,True,,0,71,BreadcrumbList|ImageObject|ListItem|NewsArticle|Person|Place|PostalAddress|WebPage|WebSite,0.45
https://www.bariatriccounselingcenter.com/emotional-eating/emotional-eating-and-coping-skills/,200,,True,Coping Skills For Eating Disorders & Emotional Eating | BCC,59,157,1,1169,True,,0,63,Answer|BreadcrumbList|FAQPage|ImageObject|ListItem|NewsArticle|Person|Place|PostalAddress|Question|WebPage|WebSite,0.4
https://www.bariatriccounselingcenter.com/diet-and-nutrition/dietitians-or-nutritionists-breaking-down-the-differences/,200,,True,Dietitian Vs Nutritionist: Which Should You See?,48,152,1,1792,True,,0,62,Answer|BreadcrumbList|FAQPage|ImageObject|ListItem|NewsArticle|Person|Place|PostalAddress|Question|WebPage|WebSite,0.46
https://www.bariatriccounselingcenter.com/emotional-eating/what-is-emotional-eating/,200,,True,"What Is Emotional Eating? Signs, Causes & Help | BCC",52,156,1,1958,True,,0,63,Answer|BreadcrumbList|FAQPage|ImageObject|ListItem|NewsArticle|Person|Place|PostalAddress|Question|WebPage|WebSite,0.43
https://www.bariatriccounselingcenter.com/staff/bariatric-counseling-center-awarded-gold-seal-accreditation/,200,,True,Bariatric Counseling Center Awarded Gold Seal Accreditation,59,153,1,1125,True,,0,66,BreadcrumbList|ImageObject|ListItem|NewsArticle|Person|Place|PostalAddress|WebPage|WebSite,0.38
https://www.bariatriccounselingcenter.com/staff/bcc-in-the-news/,200,,True,BCC In The News | BCC Of San Antonio,36,86,1,723,True,,0,63,BreadcrumbList|ImageObject|ListItem|NewsArticle|Person|Place|PostalAddress|WebPage|WebSite,0.46
https://www.bariatriccounselingcenter.com/diet-and-nutrition/healthy-living/movement-where-to-start/,200,,True,Movement: Where To Start | Bariatric Counseling Center | Specialized Weight Loss Support,88,153,1,1028,True,,0,58,BreadcrumbList|ImageObject|ListItem|NewsArticle|Person|Place|PostalAddress|WebPage|WebSite,0.41
https://www.bariatriccounselingcenter.com/self-improvement/weight-loss-journey-self-improvement/goal-setting-for-weight-loss/,200,,True,Goal-Setting For Weight Loss | BCC Of San Antonio,49,160,1,1622,True,,0,64,BreadcrumbList|ImageObject|ListItem|NewsArticle|Person|Place|PostalAddress|WebPage|WebSite,0.48
https://www.bariatriccounselingcenter.com/self-improvement/behavioral-patterns/how-identify-self-sabotage-causes/,200,,True,How To Identify Self-Sabotage Causes | Part 1,45,102,1,1257,True,,0,63,BreadcrumbList|ImageObject|ListItem|NewsArticle|Person|Place|PostalAddress|WebPage|WebSite,0.43
https://www.bariatriccounselingcenter.com/staff/dr-sara-hamilton-a-holistic-approach-to-weight-loss/,200,,True,Dr. Sara Hamilton – A Holistic Approach To Weight Loss | Bariatric Counseling Center | Specialized Weight Loss Support,118,11,1,609,True,,0,50,BreadcrumbList|ImageObject|ListItem|NewsArticle|Person|Place|PostalAddress|WebPage|WebSite,0.4
https://www.bariatriccounselingcenter.com/staff/meet-dr-sara-hamilton/,200,,True,Meet Dr. Sara Hamilton | Bariatric Counseling Center | Specialized Weight Loss Support,86,157,1,608,True,,0,51,BreadcrumbList|ImageObject|ListItem|NewsArticle|Person|Place|PostalAddress|WebPage|WebSite,1.93
https://www.bariatriccounselingcenter.com/weight-loss-counseling/how-do-i-choose-a-weight-loss-program/,200,,True,How Do I Choose A Weight-Loss Program? | BCC San Antonio,56,156,1,1628,True,,0,63,BreadcrumbList|ImageObject|ListItem|NewsArticle|Person|Place|PostalAddress|WebPage|WebSite,0.44
https://www.bariatriccounselingcenter.com/emotional-eating/a-new-approach-to-holiday-eating/,200,,True,A New Approach To Holiday Eating | BCC San Antonio,50,90,1,1645,True,,0,62,BreadcrumbList|ImageObject|ListItem|NewsArticle|Person|Place|PostalAddress|WebPage|WebSite,0.43
https://www.bariatriccounselingcenter.com/self-improvement/motivation/understanding-types-of-motivation/,200,,True,Understanding Intrinsic And Extrinsic Motivation: A Comprehensive Guide | The BCC Of San Antonio,96,133,1,1673,True,,0,63,BreadcrumbList|ImageObject|ListItem|NewsArticle|Person|Place|PostalAddress|WebPage|WebSite,0.39
https://www.bariatriccounselingcenter.com/self-improvement/behavioral-patterns/how-to-change-a-habit/,200,,True,How To Change A Habit | The BCC Of San Antonio,46,133,1,1880,True,,0,62,BreadcrumbList|ImageObject|ListItem|NewsArticle|Person|Place|PostalAddress|WebPage|WebSite,0.4
https://www.bariatriccounselingcenter.com/diet-and-nutrition/gut-health/gastroparesis-aka-stomach-paralysis/,200,,True,"Gastroparesis, Aka Stomach Paralysis | BCC Of San Antonio",57,156,1,1690,True,,0,60,BreadcrumbList|ImageObject|ListItem|NewsArticle|Person|Place|PostalAddress|WebPage|WebSite,0.42
https://www.bariatriccounselingcenter.com/eating-disorders/understanding-disordered-eating-is-your-eating-a-problem/,200,,True,Understanding Eating Disorders — Is Your Eating A Problem? | Bariatric Counseling Center | Specialized Weight Loss Support,122,61,1,1349,True,,0,61,BreadcrumbList|ImageObject|ListItem|NewsArticle|Person|Place|PostalAddress|WebPage|WebSite,0.41
https://www.bariatriccounselingcenter.com/diet-and-nutrition/healthy-living/ozempic-vs-mounjaro-vs-zepbound-for-weight-loss/,200,,True,Ozempic Vs Mounjaro Vs Zepbound For Weight Loss: Compared,57,163,1,1554,True,,0,60,Answer|BreadcrumbList|FAQPage|ImageObject|ListItem|NewsArticle|Person|Place|PostalAddress|Question|WebPage|WebSite,0.4
https://www.bariatriccounselingcenter.com/self-improvement/mental-health/holistic-weight-loss-approach-overcoming-diet-culture-with-mind-and-body-wellness/,200,,True,Holistic Weight Loss: A Mind-and-Body Approach Beyond Diet Culture,66,161,1,3468,True,,0,79,Answer|BreadcrumbList|FAQPage|ImageObject|ListItem|NewsArticle|Person|Place|PostalAddress|Question|VideoObject|WebPage|WebSite,0.4
https://www.bariatriccounselingcenter.com/self-improvement/behavioral-patterns/sustaining-the-impact-of-ozempic-and-other-sema-glutide-injectables-with-behavioral-support/,200,,True,Ozempic And Other Sema-Glutide Injectables - BCC San Antonio,60,154,1,1625,True,,0,72,Answer|BreadcrumbList|FAQPage|ImageObject|ListItem|NewsArticle|Person|Place|PostalAddress|Question|WebPage|WebSite,0.39
https://www.bariatriccounselingcenter.com/diet-and-nutrition/supplements-and-wellness/probiotics-should-you-be-taking-them/,200,,True,Probiotics: Should You Be Taking Them? | Bariatric Counseling Center | Specialized Weight Loss Support,102,315,1,1654,True,,0,65,BreadcrumbList|ImageObject|ListItem|NewsArticle|Person|Place|PostalAddress|WebPage|WebSite,0.44
https://www.bariatriccounselingcenter.com/self-improvement/behavioral-patterns/how-to-identify-self-sabotage-behaviors-part-2/,200,,True,How To Identify Self-Sabotage Behaviors | Part 2 | Bariatric Counseling Center | Specialized Weight Loss Support,112,144,1,1489,True,,0,81,BreadcrumbList|ImageObject|ListItem|NewsArticle|Person|Place|PostalAddress|WebPage|WebSite,0.44
https://www.bariatriccounselingcenter.com/self-improvement/mental-health/4-practical-strategies-to-improve-body-image-after-weight-loss/,200,,True,4 Practical Strategies To Improve Body Image After Weight Loss | Bariatric Counseling Center | Specialized Weight Loss Support,126,157,1,1742,True,,0,65,BreadcrumbList|ImageObject|ListItem|NewsArticle|Person|Place|PostalAddress|WebPage|WebSite,0.5
https://www.bariatriccounselingcenter.com/diet-and-nutrition/healthy-living/fiesta-san-antonio-bariatric/,200,,True,"Fiesta: Culture, Celebration, And Staying On Track | Bariatric Counseling Center | Specialized Weight Loss Support",114,176,1,1660,True,,0,75,Answer|BreadcrumbList|FAQPage|ImageObject|ListItem|NewsArticle|Person|Place|PostalAddress|Question|WebPage|WebSite,0.59
https://www.bariatriccounselingcenter.com/healthy-living-2/why-late-night-snacking-always-wins-and-why-youre-not-weak-for-it/,200,,True,Why Late-Night Snacking Always Wins (And Why You’re Not Weak For It) | Bariatric Counseling Center | Specialized Weight Loss Support,132,157,1,2025,True,,0,66,BreadcrumbList|ImageObject|ListItem|NewsArticle|Person|Place|PostalAddress|WebPage|WebSite,0.51
https://www.bariatriccounselingcenter.com/eating-disorders/binge-eating/i-cannot-stop-binge-eating-what-is-actually-going-on/,200,,True,I Cannot Stop Binge Eating. What Is Actually Going On | Bariatric Counseling Center | Specialized Weight Loss Support,117,87,1,2428,True,,0,75,Answer|BreadcrumbList|FAQPage|ImageObject|ListItem|NewsArticle|Person|Place|PostalAddress|Question|WebPage|WebSite,0.6
https://www.bariatriccounselingcenter.com/self-improvement/mental-health/binge-eating-in-men-why-40-percent-of-cases-missed/,200,,True,Binge Eating In Men: Why 40% Of Cases Get Missed | Bariatric Counseling Center | Specialized Weight Loss Support,112,144,1,1668,True,,0,72,BreadcrumbList|ImageObject|ListItem|NewsArticle|Person|Place|PostalAddress|WebPage|WebSite,0.61
https://www.bariatriccounselingcenter.com/self-improvement/mental-health/binge-eating-disorder-ozempic-what-nobody-tells-you/,200,,True,Binge Eating Disorder And Ozempic: What Nobody Tells You | Bariatric Counseling Center | Specialized Weight Loss Support,120,148,1,1529,True,,0,71,BreadcrumbList|ImageObject|ListItem|NewsArticle|Person|Place|PostalAddress|WebPage|WebSite,2.29
https://www.bariatriccounselingcenter.com/self-improvement/mental-health/day-inside-bcc-binge-eating-iop/,200,,True,A Day Inside BCC's Binge Eating IOP | Bariatric Counseling Center | Specialized Weight Loss Support,99,147,1,1580,True,,0,70,BreadcrumbList|ImageObject|ListItem|NewsArticle|Person|Place|PostalAddress|WebPage|WebSite,0.44
https://www.bariatriccounselingcenter.com/healthy-living-2/how-do-i-manage-cravings-and-impulse-eating/,200,,True,How To Manage Food Cravings & Impulse Eating | BCC San Antonio,62,159,1,2645,True,,0,82,Answer|BreadcrumbList|FAQPage|ImageObject|ListItem|NewsArticle|Person|Place|PostalAddress|Question|WebPage|WebSite,0.42
https://www.bariatriccounselingcenter.com/self-improvement/mental-health/better-sleep-for-weight-loss-how-rest-impacts-your-metabolism-and-cravings/,200,,True,"Does Poor Sleep Increase Appetite? Sleep, Cravings & Weight",59,154,1,2629,True,,0,81,Answer|BreadcrumbList|FAQPage|ImageObject|ListItem|NewsArticle|Person|Place|PostalAddress|Question|VideoObject|WebPage|WebSite,0.46
https://www.bariatriccounselingcenter.com/self-improvement/mental-health/how-to-improve-self-esteem-while-losing-weight-the-healthy-way/,200,,True,Building Self-Esteem While Pursuing Healthier Habits,52,147,1,3249,True,,0,83,Answer|BreadcrumbList|FAQPage|ImageObject|ListItem|NewsArticle|Person|Place|PostalAddress|Question|WebPage|WebSite,0.58
https://www.bariatriccounselingcenter.com/self-improvement/mental-health/why-stress-eating-happens/,200,,True,Why Stress Eating Happens: Understanding Why Food Can Feel Out Of Control During Stress | Bariatric Counseling Center | Specialized Weight Loss Support,151,200,1,2245,True,,0,75,Answer|BreadcrumbList|FAQPage|ImageObject|ListItem|NewsArticle|Person|Place|PostalAddress|Question|WebPage|WebSite,0.43
https://www.bariatriccounselingcenter.com/weight-loss-counseling/five-ways-to-develop-motivation-for-behaviors-you-dont-enjoy/,200,,True,Five Ways To Develop Motivation For Behaviors You Don’t Enjoy | Bariatric Counseling Center | Specialized Weight Loss Support,125,153,1,2658,True,,0,78,BreadcrumbList|ImageObject|ListItem|NewsArticle|Person|Place|PostalAddress|VideoObject|WebPage|WebSite,0.43
https://www.bariatriccounselingcenter.com/eating-disorders/how-to-stop-stress-eating-simple-strategies-to-take-control-of-your-habits/,200,,True,How To Stop Stress Eating: Simple Strategies To Take Control Of Your Habits | Bariatric Counseling Center | Specialized Weight Loss Support,139,158,1,2059,True,,0,84,BreadcrumbList|ImageObject|ListItem|NewsArticle|Person|Place|PostalAddress|VideoObject|WebPage|WebSite,0.44
https://www.bariatriccounselingcenter.com/self-improvement/behavioral-patterns/you-already-do-things-you-dont-want-to-do-why-not-the-things-that-help-you-to-lose-weight/,200,,True,You Already Do Things You Don’t Want To Do – Why Not The Things That Help You To Lose Weight? | Bariatric Counseling Center | Specialized Weight Loss Support,157,157,1,2445,True,,0,80,BreadcrumbList|ImageObject|ListItem|NewsArticle|Person|Place|PostalAddress|VideoObject|WebPage|WebSite,0.43
https://www.bariatriccounselingcenter.com/diet-and-nutrition/how-to-overcome-emotional-eating-a-comprehensive-guide/,200,,True,How To Overcome Emotional Eating: A Comprehensive Guide | Bariatric Counseling Center | Specialized Weight Loss Support,119,152,1,2248,True,,0,76,BreadcrumbList|ImageObject|ListItem|NewsArticle|Person|Place|PostalAddress|WebPage|WebSite,0.41
https://www.bariatriccounselingcenter.com/diet-and-nutrition/sustainable-eating-habits-tips-for-long-term-wellness/,200,,True,Sustainable Eating Habits: Tips For Long-term Wellness | Bariatric Counseling Center | Specialized Weight Loss Support,118,153,1,2248,True,,0,71,BreadcrumbList|ImageObject|ListItem|NewsArticle|Person|Place|PostalAddress|WebPage|WebSite,0.44
https://www.bariatriccounselingcenter.com/weight-loss-counseling/how-psychotherapy-and-mental-health-counseling-support-sustainable-weight-loss/,200,,True,How Psychotherapy And mental Health Counseling Support Sustainable Weight Loss | Bariatric Counseling Center | Specialized Weight Loss Support,142,157,1,2002,True,,0,80,BreadcrumbList|ImageObject|ListItem|NewsArticle|Person|Place|PostalAddress|WebPage|WebSite,0.51
https://www.bariatriccounselingcenter.com/self-improvement/how-to-stop-self-sabotage-part-3/,200,,True,How To Stop Self-Sabotage | Part 3 | Bariatric Counseling Center | Specialized Weight Loss Support,98,112,1,1431,True,,0,80,BreadcrumbList|ImageObject|ListItem|NewsArticle|Person|Place|PostalAddress|WebPage|WebSite,0.42
https://www.bariatriccounselingcenter.com/healthy-living-2/5-practical-tips-for-dining-out-and-socializing-while-adopting-healthier-eating-habits/,200,,True,5 Practical Tips For Dining Out And Socializing While Adopting Healthier Eating Habits | Bariatric Counseling Center | Specialized Weight Loss Support,150,157,1,2029,True,,0,71,BreadcrumbList|ImageObject|ListItem|NewsArticle|Person|Place|PostalAddress|WebPage|WebSite,0.45
https://www.bariatriccounselingcenter.com/weight-loss-journey/how-family-support-impacts-weight-loss-a-guide-for-loved-ones/,200,,True,How Family Support Impacts Weight Loss: A Guide For Loved Ones | Bariatric Counseling Center | Specialized Weight Loss Support,126,150,1,2404,True,,0,74,BreadcrumbList|ImageObject|ListItem|NewsArticle|Person|Place|PostalAddress|WebPage|WebSite,0.4
https://www.bariatriccounselingcenter.com/self-improvement/how-to-maintain-motivation-on-your-weight-loss-journey/,200,,True,How To Maintain Motivation On Your Weight Loss Journey | Bariatric Counseling Center | Specialized Weight Loss Support,118,157,1,1939,True,,0,74,BreadcrumbList|ImageObject|ListItem|NewsArticle|Person|Place|PostalAddress|WebPage|WebSite,0.38
https://www.bariatriccounselingcenter.com/what-happens-in-a-bariatric-psych-eval/,200,,True,What Happens In A Bariatric Psych Eval? Cost & Insurance,56,148,1,1465,True,,0,34,Answer|Article|BreadcrumbList|FAQPage|ImageObject|ListItem|Person|Place|PostalAddress|Question|WebPage|WebSite,0.41
https://www.bariatriccounselingcenter.com/bariatric-psychological-evaluation-near-me/,200,,True,Bariatric Psychological Evaluation Near Me | What To Know,57,144,1,1436,True,,0,34,Answer|Article|BreadcrumbList|FAQPage|ImageObject|ListItem|Person|Place|PostalAddress|Question|WebPage|WebSite,0.36
https://www.bariatriccounselingcenter.com/bariatric-psych-eval-in-texas/,200,,True,Bariatric Psych Eval In Texas | Telehealth Statewide,52,148,1,1472,True,,0,34,Answer|Article|BreadcrumbList|FAQPage|ImageObject|ListItem|Person|Place|PostalAddress|Question|WebPage|WebSite,0.42
https://www.bariatriccounselingcenter.com/stop-the-cycle-of-binge-eating-you-dont-have-to-face-this-alone/,200,,True,Stop The Cycle Of Binge Eating | Support That Works,51,134,0,1139,True,,0,7,Article|BreadcrumbList|ImageObject|ListItem|Person|Place|PostalAddress|VideoObject|WebPage|WebSite,0.4
https://www.bariatriccounselingcenter.com/post-bariatric-surgery-support/,200,,True,Post-Bariatric Surgery Support,30,148,0,1082,True,,0,5,Article|BreadcrumbList|ImageObject|ListItem|Person|Place|PostalAddress|VideoObject|WebPage|WebSite,0.43
https://www.bariatriccounselingcenter.com/binge-eating-therapy-in-san-antonio-tx/,200,,True,"Binge Eating Therapy In San Antonio, TX | Bariatric Counseling Center | Specialized Weight Loss Support",103,35,1,929,True,,0,34,Answer|Article|BreadcrumbList|FAQPage|ImageObject|ListItem|Person|Place|PostalAddress|Question|WebPage|WebSite,0.45
https://www.bariatriccounselingcenter.com/food-addiction-treatment-in-san-antonio-tx/,200,,True,Food Addiction Treatment San Antonio | Real Help For Overeaters,63,185,1,2176,True,,0,36,Answer|BreadcrumbList|FAQPage|ImageObject|ListItem|Offer|Place|PostalAddress|Question|Service|WebPage|WebSite,0.46
https://www.bariatriccounselingcenter.com/compulsive-overeating-counseling-san-antonio-tx/,200,,True,Compulsive Overeating & Food Addiction Counseling In San Antonio | BCC,70,173,1,1451,True,,0,39,Article|BreadcrumbList|ImageObject|ListItem|Person|Place|PostalAddress|WebPage|WebSite,0.49
https://www.bariatriccounselingcenter.com/binge-eating-disorder-treatment-san-antonio/,200,,True,Binge Eating Disorder Treatment In San Antonio | Bariatric Counseling Center | Specialized Weight Loss Support,110,162,1,3303,True,,0,36,Answer|Article|BreadcrumbList|FAQPage|ImageObject|ListItem|Person|Place|PostalAddress|Question|WebPage|WebSite,0.44
https://www.bariatriccounselingcenter.com/night-eating-syndrome-treatment-in-san-antonio-tx/,200,,True,"If The Hardest Part Of Your Day Is Night, There Is Help | Bariatric Counseling Center | Specialized Weight Loss Support",119,158,1,944,True,,0,34,Article|BreadcrumbList|ImageObject|ListItem|Person|Place|PostalAddress|WebPage|WebSite,0.42
https://www.bariatriccounselingcenter.com/food-addiction-treatment-in-texas/,200,,True,"Food Addiction Treatment In Texas: Real Help For Overeaters, Wherever You Live | Bariatric Counseling Center | Specialized Weight Loss Support",142,156,1,1251,True,,0,36,Answer|Article|BreadcrumbList|FAQPage|ImageObject|ListItem|Person|Place|PostalAddress|Question|WebPage|WebSite,1.17
https://www.bariatriccounselingcenter.com/testimonials/,200,,True,Real Client Testimonials | Bariatric Counseling Center,54,120,1,1233,True,,0,33,Article|BreadcrumbList|ImageObject|ListItem|Person|Place|PostalAddress|VideoObject|WebPage|WebSite,0.49
https://www.bariatriccounselingcenter.com/registered-dietitian-in-san-antonio-tx/,200,,True,"Registered Dietitian In San Antonio, TX | BCC",45,156,1,1176,True,,0,36,Answer|BreadcrumbList|FAQPage|ImageObject|ListItem|Offer|Place|PostalAddress|Question|Service|WebPage|WebSite,1.11
https://www.bariatriccounselingcenter.com/bariatric-surgery-counseling-in-san-antonio-tx/,200,,True,"Bariatric Surgery Counseling In San Antonio, TX | BCC",53,145,1,1303,True,,0,37,Answer|BreadcrumbList|FAQPage|ImageObject|ListItem|Offer|Place|PostalAddress|Question|Service|WebPage|WebSite,0.43
https://www.bariatriccounselingcenter.com/bariatric-surgery-psychological-evaluation-in-san-antonio-tx/,200,,True,Bariatric Psychological Evaluation | San Antonio + TX Telehealth,64,145,1,1247,True,,0,34,Answer|Article|BreadcrumbList|FAQPage|ImageObject|ListItem|Person|Place|PostalAddress|Question|WebPage|WebSite,0.38
https://www.bariatriccounselingcenter.com/bariatric-therapy-in-san-antonio-tx/,200,,True,"Bariatric Therapy In San Antonio, TX | Bariatric Counseling Center",66,152,1,873,True,,0,34,Answer|Article|BreadcrumbList|FAQPage|ImageObject|ListItem|Person|Place|PostalAddress|Question|WebPage|WebSite,0.41
https://www.bariatriccounselingcenter.com/virtual-emotional-eating-therapy-in-texas/,200,,True,Virtual Emotional Eating Therapy In Texas | Bariatric Counseling Center,71,147,1,888,True,,0,34,Answer|Article|BreadcrumbList|FAQPage|ImageObject|ListItem|Person|Place|PostalAddress|Question|WebPage|WebSite,0.38
https://www.bariatriccounselingcenter.com/nutritional-counseling-in-san-antonio-tx/,200,,True,"Nutritional Counseling In San Antonio, TX | Bariatric Counseling Center | Specialized Weight Loss Support",105,157,1,828,True,,0,34,Answer|Article|BreadcrumbList|FAQPage|ImageObject|ListItem|Person|Place|PostalAddress|Question|WebPage|WebSite,0.43
https://www.bariatriccounselingcenter.com/holistic-weight-loss-counseling-in-san-antonio-tx/,200,,True,"Holistic Weight Loss Counseling In San Antonio, TX | Bariatric Counseling Center | Specialized Weight Loss Support",114,157,1,893,True,,0,35,Answer|Article|BreadcrumbList|FAQPage|ImageObject|ListItem|Person|Place|PostalAddress|Question|WebPage|WebSite,0.41
https://www.bariatriccounselingcenter.com/bariatric-therapist-in-san-antonio-tx/,200,,True,"Bariatric Therapist In San Antonio, TX | Bariatric Counseling Center | Specialized Weight Loss Support",102,154,1,1243,True,,0,38,Answer|Article|BreadcrumbList|FAQPage|ImageObject|ListItem|Person|Place|PostalAddress|Question|WebPage|WebSite,0.42
https://www.bariatriccounselingcenter.com/holistic-approach-to-weight-loss/,200,,True,Holistic Weight Loss Program | Mind-Body Approach At BCC,56,178,1,968,True,,0,34,Answer|Article|BreadcrumbList|FAQPage|ImageObject|ListItem|Person|Place|PostalAddress|Question|WebPage|WebSite,0.37
https://www.bariatriccounselingcenter.com/what-is-a-bariatric-therapist/,200,,True,What Is A Bariatric Therapist? | BCC San Antonio,48,152,1,1338,True,,0,37,Answer|Article|BreadcrumbList|FAQPage|ImageObject|ListItem|Person|Place|PostalAddress|Question|WebPage|WebSite,0.43
https://www.bariatriccounselingcenter.com/bariatric-counseling-near-me/,200,,True,Bariatric Counseling Near Me | Bariatric Counseling Center,58,162,1,1042,True,,0,35,Answer|Article|BreadcrumbList|FAQPage|ImageObject|ListItem|Person|Place|PostalAddress|Question|WebPage|WebSite,0.38
https://www.bariatriccounselingcenter.com/bariatric-therapist-near-me/,200,,True,Bariatric Therapist Near Me | San Antonio & Texas Telehealth,60,183,1,933,True,,0,36,Answer|Article|BreadcrumbList|FAQPage|ImageObject|ListItem|Person|Place|PostalAddress|Question|WebPage|WebSite,0.39
https://www.bariatriccounselingcenter.com/ourprogram/coordinate-with-medical-providers/,200,,True,Coordinated Care For Eating Disorders | Bariatric Counseling,60,157,1,878,True,,0,42,Article|BreadcrumbList|ImageObject|ListItem|Person|Place|PostalAddress|WebPage|WebSite,0.48
https://www.bariatriccounselingcenter.com/understanding-weight-loss-medications-wegovy-ozempic-zepbound-and-mounjaro/,200,,True,Wegovy Vs Ozempic Vs Zepbound Vs Mounjaro: Differences Compared,63,171,1,1373,True,,0,37,Answer|Article|BreadcrumbList|FAQPage|ImageObject|ListItem|Person|Place|PostalAddress|Question|WebPage|WebSite,0.44
https://www.bariatriccounselingcenter.com/about/,200,,True,About The Bariatric Counseling Center | San Antonio TX,54,151,1,2903,True,,2,47,AboutPage|AdministrativeArea|BreadcrumbList|ImageObject|ListItem|MedicalClinic|MedicalOrganization|OpeningHoursSpecification|Person|Place|PostalAddress|WebSite,0.6
https://www.bariatriccounselingcenter.com/weight-management-therapist-in-san-antonio-tx/,200,,True,"Weight Management Therapist In San Antonio, TX | BCC",52,151,1,1795,True,,0,36,Answer|BreadcrumbList|FAQPage|ImageObject|ListItem|Offer|Place|PostalAddress|Question|Service|WebPage|WebSite,0.43
https://www.bariatriccounselingcenter.com/weight-management-program-in-san-antonio-tx/,200,,True,"Weight Management Program In San Antonio, TX | BCC",50,146,1,1180,True,,0,36,Answer|BreadcrumbList|FAQPage|ImageObject|ListItem|Offer|Place|PostalAddress|Question|Service|WebPage|WebSite,0.39
https://www.bariatriccounselingcenter.com/eating-disorder-iop-in-san-antonio-tx/,200,,True,"Eating Disorder IOP In San Antonio, TX | BCC",44,157,1,1381,True,,0,35,Answer|BreadcrumbList|FAQPage|ImageObject|ListItem|Offer|Place|PostalAddress|Question|Service|WebPage|WebSite,0.53
https://www.bariatriccounselingcenter.com/overeaters-anonymous-support-san-antonio-tx/,200,,True,Overeaters Support In San Antonio | OA-Friendly Clinical Care,61,202,1,1426,True,,0,36,Answer|Article|BreadcrumbList|FAQPage|ImageObject|ListItem|Person|Place|PostalAddress|Question|WebPage|WebSite,2.71
https://www.bariatriccounselingcenter.com/overeating-treatment-in-san-antonio-tx/,200,,True,"Treatment For Overeating In San Antonio, TX | Bariatric Counseling Center | Specialized Weight Loss Support",107,155,1,1298,True,,0,39,Answer|Article|BreadcrumbList|FAQPage|ImageObject|ListItem|Person|Place|PostalAddress|Question|WebPage|WebSite,0.39
https://www.bariatriccounselingcenter.com/online-weight-management-therapy-in-texas/,200,,True,Online Weight Management Therapy In Texas | Bariatric Counseling Center | Specialized Weight Loss Support,105,156,1,675,True,,0,34,Article|BreadcrumbList|ImageObject|ListItem|Person|Place|PostalAddress|WebPage|WebSite,0.42
https://www.bariatriccounselingcenter.com/eating-disorder-treatment-in-san-antonio-tx/,200,,True,"Eating Disorder Treatment In San Antonio, TX | Bariatric Counseling Center | Specialized Weight Loss Support",108,156,1,990,True,,0,34,Answer|Article|BreadcrumbList|FAQPage|ImageObject|ListItem|Person|Place|PostalAddress|Question|WebPage|WebSite,0.4
https://www.bariatriccounselingcenter.com/ozempic-behavioral-support-in-san-antonio-tx/,200,,True,"Ozempic Behavioral Support In San Antonio, TX | Bariatric Counseling Center",75,148,1,885,True,,0,34,Answer|Article|BreadcrumbList|FAQPage|ImageObject|ListItem|Person|Place|PostalAddress|Question|WebPage|WebSite,0.39
https://www.bariatriccounselingcenter.com/weight-management-counseling-in-san-antonio-tx/,200,,True,"Weight Management Counseling In San Antonio, TX | Bariatric Counseling Center",77,153,1,882,True,,0,34,Answer|Article|BreadcrumbList|FAQPage|ImageObject|ListItem|Person|Place|PostalAddress|Question|WebPage|WebSite,0.38
https://www.bariatriccounselingcenter.com/therapy-for-eating-disorders-in-san-antonio-tx/,200,,True,"Therapy For Eating Disorders In San Antonio, TX | Bariatric Counseling Center | Specialized Weight Loss Support",111,157,1,1047,True,,0,34,Answer|Article|BreadcrumbList|FAQPage|ImageObject|ListItem|Person|Place|PostalAddress|Question|WebPage|WebSite,0.4
https://www.bariatriccounselingcenter.com/body-confidence-counseling-in-san-antonio-tx/,200,,True,"Body Confidence Counseling In San Antonio, TX | Bariatric Counseling Center | Specialized Weight Loss Support",109,152,1,878,True,,0,34,Answer|Article|BreadcrumbList|FAQPage|ImageObject|ListItem|Person|Place|PostalAddress|Question|WebPage|WebSite,0.39
https://www.bariatriccounselingcenter.com/weight-loss-programs-in-san-antonio-tx/,200,,True,"Weight Loss Programs In San Antonio, TX | Bariatric Counseling Center | Specialized Weight Loss Support",103,158,1,937,True,,0,34,Answer|Article|BreadcrumbList|FAQPage|ImageObject|ListItem|Person|Place|PostalAddress|Question|WebPage|WebSite,0.39
https://www.bariatriccounselingcenter.com/counseling-for-anxiety-and-weight-in-san-antonio-tx/,200,,True,"Counseling For Anxiety And Weight In San Antonio, TX | Bariatric Counseling Center | Specialized Weight Loss Support",116,156,1,962,True,,0,34,Answer|Article|BreadcrumbList|FAQPage|ImageObject|ListItem|Person|Place|PostalAddress|Question|WebPage|WebSite,0.39
https://www.bariatriccounselingcenter.com/mind-body-approach-to-weight-loss-in-san-antonio-tx/,200,,True,"Mind-Body Approach To Weight Loss In San Antonio, TX | Bariatric Counseling Center | Specialized Weight Loss Support",116,157,1,950,True,,0,34,Answer|Article|BreadcrumbList|FAQPage|ImageObject|ListItem|Person|Place|PostalAddress|Question|WebPage|WebSite,0.41
https://www.bariatriccounselingcenter.com/glp-1-behavioral-support-in-san-antonio-tx/,200,,True,"Behavioral Support For GLP-1 Medications In San Antonio, TX | Bariatric Counseling Center | Specialized Weight Loss Support",123,157,1,934,True,,0,34,Answer|Article|BreadcrumbList|FAQPage|ImageObject|ListItem|Person|Place|PostalAddress|Question|WebPage|WebSite,0.41
https://www.bariatriccounselingcenter.com/weight-loss-therapist/,200,,True,Weight Loss Therapist | Bariatric Counseling Center | Specialized Weight Loss Support,85,156,1,996,True,,0,34,Answer|Article|BreadcrumbList|FAQPage|ImageObject|ListItem|Person|Place|PostalAddress|Question|WebPage|WebSite,0.36
https://www.bariatriccounselingcenter.com/eating-disorder-group-therapy-san-antonio-tx/,200,,True,"Eating Disorder Group Therapy In San Antonio, TX | BCC | Bariatric Counseling Center | Specialized Weight Loss Support",118,153,1,1143,True,,0,34,Answer|Article|BreadcrumbList|FAQPage|ImageObject|ListItem|Person|Place|PostalAddress|Question|WebPage|WebSite,0.42
https://www.bariatriccounselingcenter.com/tirzepatide-behavioral-support-in-san-antonio-tx/,200,,True,"Tirzepatide Behavioral Support In San Antonio, TX | BCC | Bariatric Counseling Center | Specialized Weight Loss Support",119,158,1,1164,True,,0,34,Answer|Article|BreadcrumbList|FAQPage|ImageObject|ListItem|Person|Place|PostalAddress|Question|WebPage|WebSite,0.41
https://www.bariatriccounselingcenter.com/telehealth-eating-disorder-treatment-in-texas/,200,,True,Telehealth Eating Disorder Treatment In Texas | BCC | Bariatric Counseling Center | Specialized Weight Loss Support,115,157,1,1124,True,,0,34,Answer|Article|BreadcrumbList|FAQPage|ImageObject|ListItem|Person|Place|PostalAddress|Question|WebPage|WebSite,0.43
https://www.bariatriccounselingcenter.com/mounjaro-zepbound-behavioral-support-in-san-antonio-tx/,200,,True,On Mounjaro Or Zepbound? The Behavioral Side Is What Makes It Stick | Bariatric Counseling Center | Specialized Weight Loss Support,131,158,1,947,True,,0,34,Article|BreadcrumbList|ImageObject|ListItem|Person|Place|PostalAddress|WebPage|WebSite,0.38
https://www.bariatriccounselingcenter.com/adhd-and-emotional-eating-in-san-antonio-tx/,200,,True,"When ADHD And Eating Collide, It Is Not A Lack Of Willpower | Bariatric Counseling Center | Specialized Weight Loss Support",123,155,1,924,True,,0,34,Article|BreadcrumbList|ImageObject|ListItem|Person|Place|PostalAddress|WebPage|WebSite,0.42
https://www.bariatriccounselingcenter.com/glp-1-weight-regain-counseling-in-san-antonio-tx/,200,,True,"Coming Off A GLP-1, Or Afraid To? Protect The Progress You Made | Bariatric Counseling Center | Specialized Weight Loss Support",127,148,1,935,True,,0,34,Article|BreadcrumbList|ImageObject|ListItem|Person|Place|PostalAddress|WebPage|WebSite,0.41
https://www.bariatriccounselingcenter.com/eating-disorder-referrals-for-providers-in-san-antonio-tx/,200,,True,A Referral Resource For Clinicians: Adult Eating Disorder And Food Addiction Care In San Antonio | Bariatric Counseling Center | Specialized Weight Loss Support,160,157,1,1308,True,,0,34,Answer|Article|BreadcrumbList|FAQPage|ImageObject|ListItem|Person|Place|PostalAddress|Question|WebPage|WebSite,0.41
https://www.bariatriccounselingcenter.com/eating-disorder-therapist-in-san-antonio-tx/,200,,True,"Eating Disorder Therapist In San Antonio, TX | Bariatric Counseling Center | Specialized Weight Loss Support",108,157,1,1150,True,,0,34,Answer|Article|BreadcrumbList|FAQPage|ImageObject|ListItem|Person|Place|PostalAddress|Question|WebPage|WebSite,0.38
https://www.bariatriccounselingcenter.com/eating-disorder-therapist-near-me/,200,,True,Eating Disorder Therapist Near Me | Bariatric Counseling Center,63,168,1,1019,True,,0,34,Answer|Article|BreadcrumbList|FAQPage|ImageObject|ListItem|Person|Place|PostalAddress|Question|WebPage|WebSite,0.39
https://www.bariatriccounselingcenter.com/weight-loss-counseling-or-therapy/,200,,True,Weight Loss Counseling Vs Therapy: What's The Difference? | Bariatric Counseling Center,87,167,1,1157,True,,0,36,Answer|Article|BreadcrumbList|FAQPage|ImageObject|ListItem|Person|Place|PostalAddress|Question|WebPage|WebSite,0.41
https://www.bariatriccounselingcenter.com/what-is-a-weight-loss-counselor/,200,,True,What Is A Weight Loss Counselor? | Bariatric Counseling Center,62,180,1,1003,True,,0,34,Answer|Article|BreadcrumbList|FAQPage|ImageObject|ListItem|Person|Place|PostalAddress|Question|WebPage|WebSite,0.42
https://www.bariatriccounselingcenter.com/emotional-eating-therapy-in-san-antonio-tx/,200,,True,"Emotional Eating Therapy In San Antonio, TX | BCC",49,155,1,1167,True,,0,39,Answer|BreadcrumbList|FAQPage|ImageObject|ListItem|Offer|Place|PostalAddress|Question|Service|WebPage|WebSite,0.42
https://www.bariatriccounselingcenter.com/foundayo-behavioral-support-san-antonio/,200,,True,"Foundayo™ Behavioral Support In San Antonio, TX | Bariatric Counseling Center",77,200,1,1253,True,,0,34,Answer|Article|BreadcrumbList|FAQPage|ImageObject|ListItem|Person|Place|PostalAddress|Question|WebPage|WebSite,0.36
https://www.bariatriccounselingcenter.com/weight-loss-therapy-in-san-antonio-tx/,200,,True,Weight Loss Therapy In San Antonio: Behavioral Counseling,57,142,1,1157,True,,0,37,Answer|Article|BreadcrumbList|FAQPage|ImageObject|ListItem|Person|Place|PostalAddress|Question|WebPage|WebSite,0.41
https://www.bariatriccounselingcenter.com/binge-eating-treatment-in-san-antonio-tx/,200,,True,Binge Eating Disorder Treatment San Antonio | Accredited Program,64,160,1,1258,True,,0,36,Answer|Article|BreadcrumbList|FAQPage|ImageObject|ListItem|Person|Place|PostalAddress|Question|WebPage|WebSite,0.44
https://www.bariatriccounselingcenter.com/semaglutide-behavioral-support-in-san-antonio-tx/,200,,True,"Semaglutide Behavioral Support In San Antonio, TX | Bariatric Counseling Center | Specialized Weight Loss Support",113,153,1,847,True,,0,34,Answer|Article|BreadcrumbList|FAQPage|ImageObject|ListItem|Person|Place|PostalAddress|Question|WebPage|WebSite,0.56
https://www.bariatriccounselingcenter.com/eating-disorder-counseling-in-san-antonio-tx/,200,,True,Eating Disorder Counseling San Antonio | Accredited IOP,55,169,1,1174,True,,0,34,Answer|Article|BreadcrumbList|FAQPage|ImageObject|ListItem|Person|Place|PostalAddress|Question|WebPage|WebSite,0.54
https://www.bariatriccounselingcenter.com/understanding-anxiety-and-depression-related-to-weight/,200,,True,Depression And Weight: How They Affect Each Other | BCC,55,168,1,1376,True,,0,36,Answer|Article|BreadcrumbList|FAQPage|ImageObject|ListItem|Person|Place|PostalAddress|Question|WebPage|WebSite,0.45
https://www.bariatriccounselingcenter.com/online-therapy-for-emotional-eating-in-mcallen-tx/,200,,True,"Online Therapy For Emotional Eating In McAllen, TX | Bariatric Counseling Center | Specialized Weight Loss Support",114,157,1,867,True,,0,34,Answer|Article|BreadcrumbList|FAQPage|ImageObject|ListItem|Person|Place|PostalAddress|Question|WebPage|WebSite,0.57
https://www.bariatriccounselingcenter.com/dietitian-vs-nutritionist-for-weight-loss-whats-the-difference/,200,,True,Dietitian Vs Nutritionist For Weight Loss: What’s The Difference? | Bariatric Counseling Center | Specialized Weight Loss Support,129,156,1,1073,True,,0,34,Answer|Article|BreadcrumbList|FAQPage|ImageObject|ListItem|Person|Place|PostalAddress|Question|WebPage|WebSite,0.48
https://www.bariatriccounselingcenter.com/binge-eating-therapy-in-mcallen-tx/,200,,True,"Binge Eating Therapy In McAllen, TX | Bariatric Counseling Center | Specialized Weight Loss Support",99,151,1,884,True,,0,34,Answer|Article|BreadcrumbList|FAQPage|ImageObject|ListItem|Person|Place|PostalAddress|Question|WebPage|WebSite,2.28
https://www.bariatriccounselingcenter.com/intuitive-eating-support-in-mcallen-tx/,200,,True,"Intuitive Eating Support In McAllen, TX | Bariatric Counseling Center",69,153,1,553,True,,0,34,Article|BreadcrumbList|ImageObject|ListItem|Person|Place|PostalAddress|WebPage|WebSite,0.39
https://www.bariatriccounselingcenter.com/therapy-for-depression-and-weight-loss/,200,,True,Therapy For Depression And Weight Loss | BCC Texas,50,178,1,1248,True,,0,34,Answer|Article|BreadcrumbList|FAQPage|ImageObject|ListItem|Person|Place|PostalAddress|Question|WebPage|WebSite,0.36
https://www.bariatriccounselingcenter.com/sara-hamilton-psyd/,200,,True,"Dr. Sara Hamilton, PsyD | Director Of Clinical Services At BCC",62,214,1,1005,True,,0,42,Answer|Article|BreadcrumbList|FAQPage|ImageObject|ListItem|Person|Place|PostalAddress|Question|WebPage|WebSite,0.41
https://www.bariatriccounselingcenter.com/undergoing-or-having-undergone-bariatric-surgery-a-comprehensive-guide-to-psychological-support-and-success/,200,,True,Bariatric Surgery Mental Health Support In San Antonio,54,145,1,1648,True,,0,36,Article|BreadcrumbList|ImageObject|ListItem|Person|Place|PostalAddress|WebPage|WebSite,0.41
https://www.bariatriccounselingcenter.com/causes/,200,,True,Causes | Bariatric Counseling Center | Specialized Weight Loss Support,70,116,0,361,True,,0,34,Article|BreadcrumbList|ImageObject|ListItem|Person|Place|PostalAddress|WebPage|WebSite,0.42
https://www.bariatriccounselingcenter.com/contact/,200,,True,Contact The Bariatric Counseling Center | San Antonio Texas,59,135,0,473,True,,0,33,BreadcrumbList|ContactPage|ImageObject|ListItem|Place|PostalAddress|WebSite,0.46
https://www.bariatriccounselingcenter.com/recipes/,200,,True,Healthy Recipes For Eating Recovery | BCC Texas,47,145,1,443,True,,0,44,Article|BreadcrumbList|ImageObject|ListItem|Person|Place|PostalAddress|VideoObject|WebPage|WebSite,0.42
https://www.bariatriccounselingcenter.com/program-schedule/,200,,True,Weight Loss Program Schedule | Bariatric Counseling Center,58,93,1,306,True,,0,36,Article|BreadcrumbList|ImageObject|ListItem|Person|Place|PostalAddress|WebPage|WebSite,0.44
https://www.bariatriccounselingcenter.com/in-the-media/,200,,True,In The Media | Bariatric Counseling Center | Specialized Weight Loss Support,76,23,1,379,True,,0,33,Article|BreadcrumbList|ImageObject|ListItem|Person|Place|PostalAddress|WebPage|WebSite,0.39
https://www.bariatriccounselingcenter.com/staff-videos/,200,,True,Staff Videos | Bariatric Counseling Center | Specialized Weight Loss Support,76,39,1,461,True,,0,33,Article|BreadcrumbList|ImageObject|ListItem|Person|Place|PostalAddress|WebPage|WebSite,0.51
https://www.bariatriccounselingcenter.com/feel-more-in-control-around-food-youre-not-alone-we-offer-support-that-works/,200,,True,Stop The Cycle Of Binge Eating | Support That Works,51,134,1,941,True,,0,4,Article|BreadcrumbList|ImageObject|ListItem|Person|Place|PostalAddress|WebPage|WebSite,0.41
https://www.bariatriccounselingcenter.com/privacy-policy/,200,,True,Privacy Policy | Bariatric Counseling Center | Specialized Weight Loss Support,78,33,1,707,True,,0,33,Article|BreadcrumbList|ImageObject|ListItem|Person|Place|PostalAddress|WebPage|WebSite,0.35
https://www.bariatriccounselingcenter.com/interviews/,200,,True,Interviews | Bariatric Counseling Center | Specialized Weight Loss Support,74,223,1,436,True,,0,40,Article|BreadcrumbList|ImageObject|ListItem|Person|Place|PostalAddress|VideoObject|WebPage|WebSite,0.41
https://www.bariatriccounselingcenter.com/ourprogram/meet-with-licensed-therapists/,200,,True,Meet With Licensed Therapists For Eating Disorders | BCC,56,160,1,1087,True,,0,39,Article|BreadcrumbList|ImageObject|ListItem|Person|Place|PostalAddress|WebPage|WebSite,0.53
https://www.bariatriccounselingcenter.com/ourprogram/meet-with-registered-dietitians/,200,,True,Registered Dietitians For Eating Disorders | BCC Texas,54,158,1,1155,True,,1,41,Article|BreadcrumbList|ImageObject|ListItem|Person|Place|PostalAddress|WebPage|WebSite,0.51
https://www.bariatriccounselingcenter.com/ourprogram/details/,200,,True,"IOP For Binge Eating Disorder, Food Addiction & Wellness",56,153,1,996,True,,0,38,Article|BreadcrumbList|ImageObject|ListItem|Person|Place|PostalAddress|WebPage|WebSite,1.37
https://www.bariatriccounselingcenter.com/ourprogram/,200,,True,"IOP Program For Binge Eating, Food Addiction & Overeating",57,159,1,949,True,,0,34,Article|BreadcrumbList|ImageObject|ListItem|Person|Place|PostalAddress|WebPage|WebSite,2.21
https://www.bariatriccounselingcenter.com/faq/,200,,True,FAQ: Bariatric Counseling Center San Antonio,44,151,1,4774,True,,0,34,Answer|Article|BreadcrumbList|FAQPage|ImageObject|ListItem|Person|Place|PostalAddress|Question|WebPage|WebSite,0.55
https://www.bariatriccounselingcenter.com/ourprogram/stay-connected/,200,,True,Stay Connected After Treatment | Ongoing Support BCC,52,159,1,881,True,,0,40,Article|BreadcrumbList|ImageObject|ListItem|Person|Place|PostalAddress|WebPage|WebSite,0.52
https://www.bariatriccounselingcenter.com/ourprogram/bring-a-friend/,200,,True,Support For Binge Eating Recovery | Bring A Friend | BCC,56,157,1,916,True,,0,38,Article|BreadcrumbList|ImageObject|ListItem|Person|Place|PostalAddress|WebPage|WebSite,0.48
https://www.bariatriccounselingcenter.com/ourprogram/practice-in-the-community/,200,,True,Real-Life Skills For Eating Recovery | BCC Texas,48,155,1,959,True,,0,39,Article|BreadcrumbList|ImageObject|ListItem|Person|Place|PostalAddress|WebPage|WebSite,0.57
https://www.bariatriccounselingcenter.com/ourprogram/dine-together/,200,,True,Mindful Eating For Food Addiction & Binge Eating | BCC Texas,60,154,1,855,True,,0,39,Article|BreadcrumbList|ImageObject|ListItem|Person|Place|PostalAddress|VideoObject|WebPage|WebSite,0.48
https://www.bariatriccounselingcenter.com/ourprogram/learn-to-cook-differently/,200,,True,Cooking Classes For Eating Recovery | BCC Texas,47,158,1,963,True,,0,40,Article|BreadcrumbList|ImageObject|ListItem|Person|Place|PostalAddress|VideoObject|WebPage|WebSite,0.48
https://www.bariatriccounselingcenter.com/ourprogram/enjoy-movement/,200,,True,Enjoy Movement Again | BCC For Eating Disorders,47,156,1,931,True,,0,39,Article|BreadcrumbList|ImageObject|ListItem|Person|Place|PostalAddress|WebPage|WebSite,0.48
https://www.bariatriccounselingcenter.com/mindful-eating-for-better-health-a-guide/,200,,True,Why Multi-Disciplinary Care Works For Binge Eating,50,136,1,987,True,,0,33,Article|BreadcrumbList|ImageObject|ListItem|Person|Place|PostalAddress|WebPage|WebSite,0.44
https://www.bariatriccounselingcenter.com/mindful-eating-for-better-health-learn-intuitive-eating-with-expert-guidance/,200,,True,Why Multi-Disciplinary Care Works For Binge Eating,50,136,1,991,True,,0,34,Article|BreadcrumbList|ImageObject|ListItem|Person|Place|PostalAddress|WebPage|WebSite,0.5
https://www.bariatriccounselingcenter.com/the-importance-of-multi-disciplinary-care-for-treating-binge-eating-disorder-why-a-team-approach-is-best/,200,,True,Why Multi-Disciplinary Care Works For Binge Eating,50,136,1,2088,True,,0,34,Article|BreadcrumbList|ImageObject|ListItem|Person|Place|PostalAddress|WebPage|WebSite,0.45
https://www.bariatriccounselingcenter.com/real-behavioral-change-starts-with-the-mind/,200,,True,Behavioral Change For Weight Loss Starts With The Mind,54,131,1,1072,True,,0,36,Article|BreadcrumbList|ImageObject|ListItem|Person|Place|PostalAddress|WebPage|WebSite,0.62
https://www.bariatriccounselingcenter.com/refer-a-patient/,200,,True,Refer A Patient | Bariatric Counseling Center | Specialized Weight Loss Support,79,49,1,405,True,,0,34,Article|BreadcrumbList|ImageObject|ListItem|Person|Place|PostalAddress|WebPage|WebSite,0.46
https://www.bariatriccounselingcenter.com/?kadence_element=author-bios,200,https://www.bariatriccounselingcenter.com/,True,Emotional & Binge Eating Therapy San Antonio TX | BCC,53,150,1,1649,True,,0,44,Answer|FAQPage|ImageObject|Place|PostalAddress|Question|SearchAction|VideoObject|WebPage|WebSite,1.93
https://www.bariatriccounselingcenter.com/?kadence_element=landing-page,200,https://www.bariatriccounselingcenter.com/,True,Emotional & Binge Eating Therapy San Antonio TX | BCC,53,150,1,1649,True,,0,44,Answer|FAQPage|ImageObject|Place|PostalAddress|Question|SearchAction|VideoObject|WebPage|WebSite,2.34
https://www.bariatriccounselingcenter.com/?kadence_element=search-atlas-2-2,200,https://www.bariatriccounselingcenter.com/,True,Emotional & Binge Eating Therapy San Antonio TX | BCC,53,150,1,1649,True,,0,44,Answer|FAQPage|ImageObject|Place|PostalAddress|Question|SearchAction|VideoObject|WebPage|WebSite,0.97
https://www.bariatriccounselingcenter.com/?kadence_element=ahrefs,200,https://www.bariatriccounselingcenter.com/,True,Emotional & Binge Eating Therapy San Antonio TX | BCC,53,150,1,1649,True,,0,44,Answer|FAQPage|ImageObject|Place|PostalAddress|Question|SearchAction|VideoObject|WebPage|WebSite,0.96
https://www.bariatriccounselingcenter.com/?kadence_element=clickrank,200,https://www.bariatriccounselingcenter.com/,True,Emotional & Binge Eating Therapy San Antonio TX | BCC,53,150,1,1649,True,,0,44,Answer|FAQPage|ImageObject|Place|PostalAddress|Question|SearchAction|VideoObject|WebPage|WebSite,1.0
https://www.bariatriccounselingcenter.com/category/diet-and-nutrition/,200,,True,Diet And Nutrition | Bariatric Counseling Center | Specialized Weight Loss Support,82,0,1,801,True,,0,58,BreadcrumbList|CollectionPage|ImageObject|ListItem|LocalBusiness|Place|PostalAddress|WebSite,0.4
https://www.bariatriccounselingcenter.com/category/diet-and-nutrition/gut-health/,200,,True,Gut Health | Bariatric Counseling Center | Specialized Weight Loss Support,74,0,1,394,True,,0,41,BreadcrumbList|CollectionPage|ImageObject|ListItem|LocalBusiness|Place|PostalAddress|WebSite,0.41
https://www.bariatriccounselingcenter.com/category/diet-and-nutrition/supplements-and-wellness/,200,,True,Supplements And Wellness | Bariatric Counseling Center | Specialized Weight Loss Support,88,0,1,349,True,,0,39,BreadcrumbList|CollectionPage|ImageObject|ListItem|LocalBusiness|Place|PostalAddress|WebSite,0.5
https://www.bariatriccounselingcenter.com/category/diet-and-nutrition/healthy-living/,200,,True,Healthy Living | Bariatric Counseling Center | Specialized Weight Loss Support,78,0,1,628,True,,0,50,BreadcrumbList|CollectionPage|ImageObject|ListItem|LocalBusiness|Place|PostalAddress|WebSite,0.46
https://www.bariatriccounselingcenter.com/category/self-improvement/,200,,True,Self-Improvement | Bariatric Counseling Center | Specialized Weight Loss Support,80,0,1,860,True,,0,57,BreadcrumbList|CollectionPage|ImageObject|ListItem|LocalBusiness|Place|PostalAddress|WebSite,0.41
https://www.bariatriccounselingcenter.com/category/self-improvement/mental-health/,200,,True,Mental Health | Bariatric Counseling Center | Specialized Weight Loss Support,77,0,1,898,True,,0,56,BreadcrumbList|CollectionPage|ImageObject|ListItem|LocalBusiness|Place|PostalAddress|WebSite,0.42
https://www.bariatriccounselingcenter.com/category/self-improvement/behavioral-patterns/,200,,True,Behavioral Patterns | Bariatric Counseling Center | Specialized Weight Loss Support,83,0,1,885,True,,0,59,BreadcrumbList|CollectionPage|ImageObject|ListItem|LocalBusiness|Place|PostalAddress|WebSite,0.48
https://www.bariatriccounselingcenter.com/category/weight-loss-journey/,200,,True,Weight Loss Journey | Bariatric Counseling Center | Specialized Weight Loss Support,83,0,1,462,True,,0,42,BreadcrumbList|CollectionPage|ImageObject|ListItem|LocalBusiness|Place|PostalAddress|WebSite,0.86
https://www.bariatriccounselingcenter.com/category/self-improvement/weight-loss-journey-self-improvement/,200,,True,Weight Loss Journey | Bariatric Counseling Center | Specialized Weight Loss Support,83,0,1,849,True,,0,56,BreadcrumbList|CollectionPage|ImageObject|ListItem|LocalBusiness|Place|PostalAddress|WebSite,0.42
https://www.bariatriccounselingcenter.com/category/self-improvement/motivation/,200,,True,Motivation | Bariatric Counseling Center | Specialized Weight Loss Support,74,0,1,313,True,,0,37,BreadcrumbList|CollectionPage|ImageObject|ListItem|LocalBusiness|Place|PostalAddress|WebSite,0.44
https://www.bariatriccounselingcenter.com/category/eating-disorders/,200,,True,Eating Disorders | Bariatric Counseling Center | Specialized Weight Loss Support,80,0,1,908,True,,0,59,BreadcrumbList|CollectionPage|ImageObject|ListItem|LocalBusiness|Place|PostalAddress|WebSite,0.47
https://www.bariatriccounselingcenter.com/category/weight-loss-counseling/,200,,True,Weight Loss Counseling | Bariatric Counseling Center | Specialized Weight Loss Support,86,0,1,584,True,,0,47,BreadcrumbList|CollectionPage|ImageObject|ListItem|LocalBusiness|Place|PostalAddress|WebSite,0.57
https://www.bariatriccounselingcenter.com/category/healthy-living-2/,200,,True,Healthy Living | Bariatric Counseling Center | Specialized Weight Loss Support,78,0,1,555,True,,0,47,BreadcrumbList|CollectionPage|ImageObject|ListItem|LocalBusiness|Place|PostalAddress|WebSite,0.41
https://www.bariatriccounselingcenter.com/category/staff/,200,,True,Staff | Bariatric Counseling Center | Specialized Weight Loss Support,69,0,1,478,True,,0,44,BreadcrumbList|CollectionPage|ImageObject|ListItem|LocalBusiness|Place|PostalAddress|WebSite,0.41
https://www.bariatriccounselingcenter.com/category/stress-management/,200,,True,Stress Management | Bariatric Counseling Center | Specialized Weight Loss Support,81,0,1,404,True,,0,41,BreadcrumbList|CollectionPage|ImageObject|ListItem|LocalBusiness|Place|PostalAddress|WebSite,0.39
https://www.bariatriccounselingcenter.com/category/eating-disorders/binge-eating/,200,,True,Binge Eating | Bariatric Counseling Center | Specialized Weight Loss Support,76,0,1,454,True,,0,41,BreadcrumbList|CollectionPage|ImageObject|ListItem|LocalBusiness|Place|PostalAddress|WebSite,0.41
https://www.bariatriccounselingcenter.com/category/emotional-eating/,200,,True,Emotional Eating | Bariatric Counseling Center | Specialized Weight Loss Support,80,0,1,555,True,,0,48,BreadcrumbList|CollectionPage|ImageObject|ListItem|LocalBusiness|Place|PostalAddress|WebSite,0.39
https://www.bariatriccounselingcenter.com/author/austintude/,200,,True,Daniel Bisett | Bariatric Counseling Center | Specialized Weight Loss Support,77,0,1,276,True,,0,34,BreadcrumbList|ImageObject|ListItem|LocalBusiness|Person|Place|PostalAddress|ProfilePage|WebSite,0.44
https://www.bariatriccounselingcenter.com/author/bccteam/,200,,True,BCC Staff | Bariatric Counseling Center | Specialized Weight Loss Support,73,0,1,683,True,,0,50,BreadcrumbList|ImageObject|ListItem|LocalBusiness|Person|Place|PostalAddress|ProfilePage|WebSite,0.51
https://www.bariatriccounselingcenter.com/author/tmccord845/,200,,True,Todd McCord | Bariatric Counseling Center | Specialized Weight Loss Support,75,0,1,511,True,,1,36,BreadcrumbList|ImageObject|ListItem|LocalBusiness|Person|Place|PostalAddress|ProfilePage|WebSite,0.48
https://www.bariatriccounselingcenter.com/author/aaron/,200,,True,Aaron Beltran LPC-A | Bariatric Counseling Center | Specialized Weight Loss Support,83,0,1,672,True,,1,41,BreadcrumbList|ImageObject|ListItem|LocalBusiness|Person|Place|PostalAddress|ProfilePage|WebSite,0.46
https://www.bariatriccounselingcenter.com/author/lartzberger/,200,,True,"Laura Artzberger, LPC | Bariatric Counseling Center | Specialized Weight Loss Support",85,0,1,627,True,,1,37,BreadcrumbList|ImageObject|ListItem|LocalBusiness|Person|Place|PostalAddress|ProfilePage|WebSite,0.48
https://www.bariatriccounselingcenter.com/author/shamilton/,200,,True,"Sara Hamilton, PsyD | Bariatric Counseling Center | Specialized Weight Loss Support",83,256,1,1091,True,,1,57,BreadcrumbList|ImageObject|ListItem|LocalBusiness|Person|Place|PostalAddress|ProfilePage|WebSite,0.47
https://www.bariatriccounselingcenter.com/author/chasley-fortunw-pttman/,200,,True,"Chasley Fortune-Pittman, MDS, RD, LD | Bariatric Counseling Center | Specialized Weight Loss Support",100,0,1,587,True,,1,41,BreadcrumbList|ImageObject|ListItem|LocalBusiness|Person|Place|PostalAddress|ProfilePage|WebSite,0.56
https://www.bariatriccounselingcenter.com/author/alisa/,200,,True,Alisa Travis | Bariatric Counseling Center | Specialized Weight Loss Support,76,0,1,340,True,,0,38,BreadcrumbList|ImageObject|ListItem|LocalBusiness|Person|Place|PostalAddress|ProfilePage|WebSite,0.49
https://www.bariatriccounselingcenter.com/author/emilyb/,200,,True,"Emily Beissner, LPC-A | Bariatric Counseling Center | Specialized Weight Loss Support",85,0,1,386,True,,0,40,BreadcrumbList|ImageObject|ListItem|LocalBusiness|Person|Place|PostalAddress|ProfilePage|WebSite,0.6
https://www.bariatriccounselingcenter.com/author/lapplegate/,200,,True,Lauren Applegate | Bariatric Counseling Center | Specialized Weight Loss Support,80,0,1,318,True,,0,37,BreadcrumbList|ImageObject|ListItem|LocalBusiness|Person|Place|PostalAddress|ProfilePage|WebSite,0.52
https://www.bariatriccounselingcenter.com/author/dietitian/,200,,True,"Lacey Gimpel, RD LD | Bariatric Counseling Center | Specialized Weight Loss Support",83,0,1,534,True,,1,39,BreadcrumbList|ImageObject|ListItem|LocalBusiness|Person|Place|PostalAddress|ProfilePage|WebSite,2.03
https://www.bariatriccounselingcenter.com/author/nalbus481/,200,,True,Nancy Albus | Bariatric Counseling Center | Specialized Weight Loss Support,75,0,1,519,True,,1,36,BreadcrumbList|ImageObject|ListItem|LocalBusiness|Person|Place|PostalAddress|ProfilePage|WebSite,1.67
https://www.bariatriccounselingcenter.com/author/sam-martinez/,200,,True,Sam Martinez | Bariatric Counseling Center | Specialized Weight Loss Support,76,0,1,303,True,,0,36,BreadcrumbList|ImageObject|ListItem|LocalBusiness|Person|Place|PostalAddress|ProfilePage|WebSite,0.49
https://www.bariatriccounselingcenter.com/locations.kml,200,,True,,,,0,,,,,,,1.41
